player_id,name
1505,"Abdul-Wahad, Tariq"
949,"Abdur-Rahim, Shareef"
101165,"Acker, Alex"
203112,"Acy, Quincy"
200801,"Adams, Hassan"
203919,"Adams, Jordan"
203500,"Adams, Steven"
202399,"Adrien, Jeff"
201167,"Afflalo, Arron"
200772,"Ager, Maurice"
1626231,"Agravanis, Dimitrios"
201336,"Ahearn, Blake"
201582,"Ajinca, Alexis"
203006,"Akognon, Josh"
202374,"Alabi, Solomon"
203128,"Aldemir, Furkan"
202332,"Aldrich, Cole"
200746,"Aldridge, LaMarcus"
724,"Alexander, Cory"
2042,"Alexander, Courtney"
201570,"Alexander, Joe"
2349,"Alexander, Victor"
202730,"Allen, Lavoy"
2124,"Allen, Malik"
951,"Allen, Ray"
2754,"Allen, Tony"
200984,"Allred, Lance"
201165,"Almond, Morris"
1747,"Alston, Rafer"
680,"Amaechi, John"
202329,"Aminu, Al-Farouq"
200811,"Amundson, Lou"
2365,"Andersen, Chris"
2431,"Andersen, David"
101187,"Anderson, Alan"
202079,"Anderson, Antonio"
1507,"Anderson, Derek"
202341,"Anderson, James"
1626147,"Anderson, Justin"
72,"Anderson, Kenny"
203937,"Anderson, Kyle"
98,"Anderson, Nick"
201583,"Anderson, Ryan"
1000,"Anderson, Shandon"
101149,"Andriuskevicius, Martynas"
203507,"Antetokounmpo, Giannis"
2546,"Anthony, Carmelo"
21,"Anthony, Greg"
201202,"Anthony, Joel"
203544,"Antic, Pero"
2737,"Araujo, Rafael"
2425,"Archibald, Robert"
2240,"Arenas, Gilbert"
2772,"Ariza, Trevor"
2220,"Armstrong, Brandon"
353,"Armstrong, Darrell"
200756,"Armstrong, Hilton"
2306,"Arroyo, Carlos"
201589,"Arthur, Darrell"
201600,"Asik, Omer"
1088,"Atkins, Chucky"
278,"Augmon, Stacey"
201571,"Augustin, D.J."
200788,"Augustine, James"
1134,"Austin, Ike"
1895,"Avery, William"
202970,"Ayon, Gustavo"
201965,"Ayres, Jeff"
101235,"Azubuike, Kelenna"
203569,"Babb, Chris"
202337,"Babbitt, Luke"
2053,"Bagaric, Dalibor"
1753,"Bailey, Toby"
203946,"Bairstow, Cameron"
2486,"Baker, Maurice"
452,"Baker, Vin"
200764,"Balkman, Renaldo"
2556,"Banks, Marcus"
2571,"Barbosa, Leandro"
200826,"Barea, Jose Juan"
200745,"Bargnani, Andrea"
2057,"Barkley, Erick"
203084,"Barnes, Harrison"
2440,"Barnes, Matt"
2857,"Barrett, Andre"
2853,"Barron, Earl"
344,"Barros, Dana"
699,"Barry, Brent"
468,"Barry, Jon"
203115,"Barton, Will"
101188,"Basden, Eddie"
101138,"Bass, Brandon"
1766,"Baston, Maceo"
2370,"Bateer, Mengke"
101212,"Batista, Esteban"
2471,"Batiste, Mike"
1499,"Battie, Tony"
2203,"Battier, Shane"
201587,"Batum, Nicolas"
2437,"Baxter, Lonny"
201573,"Bayless, Jerryd"
203382,"Baynes, Aron"
203145,"Bazemore, Kent"
203078,"Beal, Bradley"
2602,"Beasley, Jerome"
201563,"Beasley, Michael"
201958,"Beaubois, Rodrigue"
201158,"Belinelli, Marco"
2294,"Bell, Charlie"
1952,"Bell, Raja"
2559,"Bell, Troy"
1886,"Bender, Jonathan"
203968,"Benimon, Jerrelle"
1736,"Benjamin, Corey"
203461,"Bennett, Anthony"
712,"Bennett, Mario"
202728,"Benson, Keith"
696,"Best, Travis"
201976,"Beverley, Patrick"
204021,"Bhullar, Sim"
1710,"Bibby, Mike"
2740,"Biedrins, Andris"
1497,"Billups, Chauncey"
202687,"Biyombo, Bismack"
204028,"Black, Tarik"
201971,"Blair, DeJuan"
2581,"Blake, Steve"
202392,"Blakely, Marqus"
200807,"Blalock, Will"
101154,"Blatche, Andray"
302,"Blaylock, Mookie"
202339,"Bledsoe, Eric"
916,"Blount, Corie"
1548,"Blount, Mark"
203505,"Blue, Vander"
1626207,"Boatright, Ryan"
2800,"Bobbitt, Tony"
2586,"Bogans, Keith"
202711,"Bogdanovic, Bojan"
101106,"Bogut, Andrew"
41,"Bonner, Anthony"
2588,"Bonner, Matt"
1626164,"Booker, Devin"
202344,"Booker, Trevor"
200767,"Boone, Josh"
1916,"Booth, Calvin"
2430,"Boozer, Carlos"
2414,"Borchardt, Curtis"
2547,"Bosh, Chris"
2257,"Boumtje-Boumtje, Ruben"
1898,"Bowdler, Cal"
1477,"Bowen, Bruce"
1763,"Bowen, Ryan"
1085,"Bowman, Ira"
1863,"Boykins, Earl"
200841,"Bozeman, Cedric"
202342,"Brackins, Craig"
202340,"Bradley, Avery"
2214,"Bradley, Michael"
762,"Bradley, Shawn"
1765,"Braggs, Torraye"
1882,"Brand, Elton"
210,"Brandon, Terrell"
2452,"Bremer, J.R."
201147,"Brewer, Corey"
2249,"Brewer, Jamison"
200758,"Brewer, Ronnie"
2056,"Brezec, Primoz"
201972,"Brockman, Jon"
201166,"Brooks, Aaron"
202705,"Brooks, MarShon"
2810,"Brown, Andre"
1626148,"Brown, Anthony"
201628,"Brown, Bobby"
359,"Brown, Chucky"
2245,"Brown, Damone"
244,"Brown, Dee"
200793,"Brown, Dee"
201974,"Brown, Derrick"
2484,"Brown, Devin"
2081,"Brown, Ernest"
203913,"Brown, Jabari"
2208,"Brown, Kedrick"
2198,"Brown, Kwame"
203485,"Brown, Lorenzo"
203900,"Brown, Markel"
136,"Brown, P.J."
753,"Brown, Randy"
200769,"Brown, Shannon"
2357,"Brown, Tierre"
1594,"Brunson, Rick"
977,"Bryant, Kobe"
95,"Bryant, Mark"
1761,"Buckner, Greg"
201978,"Budinger, Chase"
146,"Buechler, Jud"
1934,"Buford, Rodney"
672,"Bullard, Matt"
203493,"Bullock, Reggie"
2469,"Burke, Pat"
203504,"Burke, Trey"
202692,"Burks, Alec"
2766,"Burks, Antonio"
101207,"Burleson, Kevin"
202221,"Butch, Brian"
2406,"Butler, Caron"
202364,"Butler, Da'Sean"
2866,"Butler, Jackie"
202710,"Butler, Jimmy"
348,"Butler, Mitchell"
2446,"Butler, Rasual"
202779,"Buycks, Dwight"
201182,"Byars, Derrick"
101115,"Bynum, Andrew"
101198,"Bynum, Will"
2560,"Cabarkapa, Zarko"
203998,"Caboclo, Bruno"
679,"Caffey, Jason"
201979,"Calathes, Nick"
101181,"Calderon, Jose"
203484,"Caldwell-Pope, Kentavious"
948,"Camby, Marcus"
922,"Campbell, Elden"
203477,"Canaan, Isaiah"
203991,"Capela, Clint"
202382,"Caracter, Derrick"
2073,"Cardinal, Brian"
2367,"Carlisle, Geno"
200760,"Carney, Rodney"
201960,"Carroll, DeMarre"
2679,"Carroll, Matt"
1853,"Carter, Anthony"
2466,"Carter, Maurice"
1713,"Carter, Vince"
203487,"Carter-Williams, Michael"
208,"Cassell, Sam"
201956,"Casspi, Omri"
1509,"Cato, Kelvin"
1626161,"Cauley-Stein, Willie"
190,"Causwell, Duane"
1911,"Celestand, John"
2763,"Chalmers, Lionel"
201596,"Chalmers, Mario"
2199,"Chandler, Tyson"
201163,"Chandler, Wilson"
384,"Cheaney, Calbert"
203805,"Cherry, Will"
2735,"Childress, Josh"
164,"Childs, Chris"
57,"Christie, Doug"
202091,"Christmas, Dionte"
1626176,"Christmas, Rakeem"
203565,"Christopher, Patrick"
201947,"Clark, Earl"
203546,"Clark, Ian"
1721,"Clark, Keon"
203903,"Clarkson, Jordan"
201964,"Claver, Victor"
2049,"Claxton, Speedy"
2043,"Cleaves, Mateen"
202708,"Cole, Norris"
934,"Coleman, Derrick"
902,"Coles, Bimbo"
2044,"Collier, Jason"
2260,"Collins, Jarron"
2215,"Collins, Jason"
200776,"Collins, Mardy"
202395,"Collins, Sherron"
201954,"Collison, Darren"
2555,"Collison, Nick"
2173,"Colson, Sean"
201144,"Conley, Mike"
1626192,"Connaughton, Pat"
101215,"Conroy, Will"
2567,"Cook, Brian"
201161,"Cook, Daequan"
2241,"Cook, Omar"
204022,"Cooley, Jack"
203142,"Copeland, Chris"
203955,"Cotton, Bryce"
202408,"Cousin, Marcus"
202326,"Cousins, DeMarcus"
203496,"Covington, Robert"
203459,"Crabbe, Allen"
1544,"Crawford, Chris"
2037,"Crawford, Jamal"
201621,"Crawford, Joe"
202348,"Crawford, Jordan"
2343,"Crispin, Joe"
201159,"Crittenton, Javaris"
1506,"Croshere, Austin"
180,"Crotty, John"
203109,"Crowder, Jae"
1907,"Cummings, Vonteego"
201967,"Cunningham, Dante"
203099,"Cunningham, Jared"
209,"Curry, Dell"
2201,"Curry, Eddy"
201191,"Curry, JamesOn"
688,"Curry, Michael"
203552,"Curry, Seth"
201939,"Curry, Stephen"
2223,"Dalembert, Samuel"
956,"Dampier, Erick"
1498,"Daniels, Antonio"
2845,"Daniels, Erik"
2605,"Daniels, Marquis"
203584,"Daniels, Troy"
203540,"Datome, Gigi"
201176,"Davidson, Jermareo"
203561,"Davies, Brandon"
203076,"Davis, Anthony"
213,"Davis, Antonio"
1884,"Davis, Baron"
905,"Davis, Dale"
202334,"Davis, Ed"
1023,"Davis, Emanual"
201175,"Davis, Glen"
93,"Davis, Hubert"
2668,"Davis, Josh"
200781,"Davis, Paul"
1729,"Davis, Ricky"
203958,"Dawkins, Andre"
1626183,"Dawson, Branden"
201286,"Dawson, Eric"
201948,"Daye, Austin"
201986,"De Colo, Nando"
692,"DeClercq, Andrew"
201942,"DeRozan, DeMar"
203473,"Dedmon, Dewayne"
1626155,"Dekker, Sam"
219,"Del Negro, Vinny"
2568,"Delfino, Carlos"
960,"Delk, Tony"
203521,"Dellavedova, Matthew"
2736,"Deng, Luol"
202458,"Dentmon, Justin"
1760,"Dial, Derrick"
2564,"Diaw, Boris"
200821,"Diawara, Yakhouba"
200799,"Diaz, Guillermo"
2424,"Dickau, Dan"
2079,"Dickens, Kaniel"
1722,"Dickerson, Michael"
101143,"Diener, Travis"
203476,"Dieng, Gorgui"
1626229,"Diez, Daniel"
203915,"Dinwiddie, Spencer"
101113,"Diogu, Ike"
2205,"Diop, DeSagana"
124,"Divac, Vlade"
2413,"Dixon, Juan"
1720,"Doleac, Michael"
2039,"Dooling, Keyon"
201595,"Dorsey, Joey"
200763,"Douby, Quincy"
201962,"Douglas, Toney"
201604,"Douglas-Roberts, Chris"
202220,"Dowdell, Zabian"
201609,"Dragic, Goran"
204054,"Dragic, Zoran"
1724,"Drew, Bryce"
203580,"Drew, Larry"
1542,"Drobnjak, Predrag"
203083,"Drummond, Andre"
201,"Dudley, Chris"
201162,"Dudley, Jared"
2768,"Duhon, Chris"
1626251,"Dukan, Duje"
1495,"Duncan, Tim"
2399,"Dunleavy, Mike"
2648,"Dupree, Ronald"
201142,"Durant, Kevin"
202406,"Dyson, Jerome"
203921,"Early, Cleanthony"
202365,"Ebanks, Devin"
2569,"Ebi, Ndudi"
2451,"Edwards, Corsley"
2823,"Edwards, John"
202197,"Edwards, Shane"
458,"Eisley, Howard"
1918,"Ekezie, Obinna"
2064,"El-Amin, Khalid"
201961,"Ellington, Wayne"
111,"Ellis, LaPhonso"
101145,"Ellis, Monta"
1922,"Elson, Francisco"
2408,"Ely, Melvin"
203954,"Embiid, Joel"
2765,"Emmett, Andre"
203119,"English, Kim"
203516,"Ennis, James"
203898,"Ennis, Tyler"
201623,"Erden, Semih"
1626226,"Eriksson, Marcus"
1915,"Eschmeyer, Evan"
202379,"Evans, Jeremy"
2230,"Evans, Maurice"
2501,"Evans, Reggie"
201936,"Evans, Tyreke"
101137,"Ewing, Daniel"
121,"Ewing, Patrick"
201607,"Ewing Jr., Patrick"
203957,"Exum, Dante"
201963,"Eyenga, Christian"
203105,"Ezeli, Festus"
202702,"Faried, Kenneth"
200770,"Farmar, Jordan"
2824,"Farmer, Desmon"
203543,"Faverani, Vitor"
202324,"Favors, Derrick"
201174,"Fazekas, Nick"
994,"Feick, Jamie"
1626245,"Felicio, Cristiano"
203467,"Felix, Carrick"
101230,"Felix, Noel"
101109,"Felton, Raymond"
2724,"Ferguson, Desmond"
201164,"Fernandez, Rudy"
198,"Ferry, Danny"
201178,"Fesenko, Kyrylo"
202361,"Fields, Landry"
714,"Finley, Michael"
965,"Fisher, Derek"
2809,"Fitch, Gerald"
2033,"Fizer, Marcus"
2784,"Flores, Luis"
201938,"Flynn, Jonny"
1829,"Fontaine, Ike"
202880,"Foote, Jeff"
201814,"Forbes, Gary"
2228,"Ford, Alton"
101213,"Ford, Sharrod"
2551,"Ford, T.J."
2218,"Forte, Joseph"
202622,"Fortson, Courtney"
1504,"Fortson, Danny"
323,"Foster, Greg"
1902,"Foster, Jeff"
2238,"Fotsis, Antonis"
203095,"Fournier, Evan"
1762,"Fowlkes, Tremaine"
296,"Fox, Rick"
200751,"Foye, Randy"
1502,"Foyle, Adonal"
2499,"Frahm, Richie"
1883,"Francis, Steve"
203479,"Franklin, Jamaal"
204025,"Frazier, Tim"
202690,"Fredette, Jimmer"
200777,"Freeland, Joel"
2782,"Freije, Matt"
101112,"Frye, Channing"
2673,"Fuller, Hiram"
1444,"Funderburke, Lawrence"
2429,"Gadzuric, Dan"
202070,"Gaffney, Tony"
101184,"Gai, Deng"
2558,"Gaines, Reece"
202178,"Gaines, Sundiata"
201568,"Gallinari, Danilo"
204038,"Galloway, Langston"
200816,"Garbajosa, Jorge"
2682,"Garcia, Alex"
101128,"Garcia, Francisco"
201242,"Gardner, Thomas"
708,"Garnett, Kevin"
1051,"Garrett, Dean"
203197,"Garrett, Diante"
1619,"Garris, Kiwane"
1727,"Garrity, Pat"
201188,"Gasol, Marc"
2200,"Gasol, Pau"
423,"Gatling, Chris"
200752,"Gay, Rudy"
202087,"Gee, Alonzo"
761,"Geiger, Matt"
101153,"Gelabale, Mickael"
1904,"George, Devean"
202331,"George, Paul"
200789,"Gibson, Daniel"
201959,"Gibson, Taj"
201592,"Giddens, J.R."
201821,"Gilder, Trey"
2109,"Gill, Eddie"
383,"Gill, Kendall"
1938,"Ginobili, Manu"
1921,"Giricek, Gordan"
202148,"Gladness, Mickell"
1901,"Glover, Dion"
2601,"Glyniadakis, Andreas"
203497,"Gobert, Rudy"
924,"Goldwire, Anthony"
101155,"Gomes, Ryan"
2400,"Gooden, Drew"
1864,"Goodrich, Steve"
203462,"Goodwin, Archie"
203932,"Gordon, Aaron"
2732,"Gordon, Ben"
204079,"Gordon, Drew"
201569,"Gordon, Eric"
101162,"Gortat, Marcin"
202726,"Goudelock, Andrew"
101121,"Graham, Joey"
101211,"Graham, Stephen"
101122,"Granger, Danny"
258,"Grant, Brian"
270,"Grant, Horace"
203924,"Grant, Jerami"
1626170,"Grant, Jerian"
1514,"Grant, Paul"
201189,"Gray, Aaron"
201980,"Green, Danny"
101209,"Green, Devin"
203110,"Green, Draymond"
203475,"Green, Erick"
101123,"Green, Gerald"
203210,"Green, JaMychal"
201145,"Green, Jeff"
201192,"Green, Taurean"
2584,"Green, Willie"
201590,"Greene, Donte"
101158,"Greene, Orien"
2696,"Greer, Lynn"
1559,"Griffin, Adrian"
201933,"Griffin, Blake"
2204,"Griffin, Eddie"
201981,"Griffin, Taylor"
101219,"Grundy, Anthony"
1626222,"Gudaitis, Arturas"
339,"Gugliotta, Tom"
203268,"Gutierrez, Jorge"
2062,"Guyton, A.J."
201632,"Haddadi, Hamed"
201612,"Hairston, Malik"
203798,"Hairston, PJ"
2409,"Haislip, Marcus"
200837,"Hall, Mike"
1032,"Ham, Darvin"
202706,"Hamilton, Jordan"
203120,"Hamilton, Justin"
1888,"Hamilton, Richard"
2347,"Hamilton, Tang"
676,"Hamilton, Thomas"
1985,"Hamilton, Zendon"
1052,"Handlogten, Ben"
1626152,"Hanlan, Olivier"
203162,"Hansbrough, Ben"
201946,"Hansbrough, Tyler"
2580,"Hansen, Travis"
202376,"Harangody, Luke"
358,"Hardaway, Anfernee"
896,"Hardaway, Tim"
203501,"Hardaway Jr., Tim"
201935,"Harden, James"
203090,"Harkless, Maurice"
202712,"Harper, Justin"
1723,"Harpring, Matt"
1626149,"Harrell, Montrezl"
202725,"Harrellson, Josh"
2492,"Harrington, Adam"
1733,"Harrington, Al"
2454,"Harrington, Junior"
970,"Harrington, Othella"
2734,"Harris, Devin"
203548,"Harris, Elias"
203914,"Harris, Gary"
203925,"Harris, Joe"
446,"Harris, Lucious"
202412,"Harris, Manny"
200839,"Harris, Michael"
202227,"Harris, Terrel"
202699,"Harris, Tobias"
1626151,"Harrison, Aaron"
1626150,"Harrison, Andrew"
2758,"Harrison, David"
2078,"Hart, Jason"
176,"Harvey, Antonio"
2051,"Harvey, Donnell"
1626227,"Harvey, Tyler"
202238,"Hasbrouck, Kenny"
2617,"Haslem, Udonis"
2239,"Hassell, Trenton"
2213,"Haston, Kirk"
201150,"Hawes, Spencer"
1038,"Hawkins, Juaquin"
101236,"Hayes, Charles"
2553,"Hayes, Jarvis"
202330,"Hayward, Gordon"
202351,"Hayward, Lazar"
2217,"Haywood, Brendan"
101129,"Head, Luther"
1049,"Heal, Shane"
673,"Henderson, Alan"
1538,"Henderson, Cedric"
201945,"Henderson, Gerald"
202333,"Henry, Xavier"
203089,"Henson, John"
1626195,"Hernangomez, Guillermo"
200835,"Herrmann, Walter"
1626209,"Hezonja, Mario"
201579,"Hibbert, Roy"
201581,"Hickson, JJ"
202809,"Higgins, Cory"
2403,Nene
201588,"Hill, George"
255,"Hill, Grant"
201195,"Hill, Herbert"
201941,"Hill, Jordan"
203524,"Hill, Solomon"
201631,"Hill, Steven"
238,"Hill, Tyrone"
1626199,"Hilliard, Darrun"
2550,"Hinrich, Kirk"
200823,"Hite, Robert"
202359,"Hobson, Darington"
101125,"Hodge, Julius"
697,"Hoiberg, Fred"
2450,"Holcomb, Randy"
201950,"Holiday, Jrue"
203200,"Holiday, Justin"
200797,"Hollins, Ryan"
1626178,"Hollis-Jefferson, Rondae"
1626158,"Holmes, Richaun"
202715,"Honeycutt, Tyler"
1967,"Hood, Derek"
203918,"Hood, Rodney"
203816,"Hopson, Scotty"
201143,"Horford, Al"
202862,"Horner, Dennis"
109,"Horry, Robert"
2067,"House, Eddie"
275,"Houston, Allan"
2730,"Howard, Dwight"
2572,"Howard, Josh"
436,"Howard, Juwan"
201991,"Hudson, Lester"
1607,"Hudson, Troy"
1572,"Huffman, Nate"
1716,"Hughes, Larry"
203133,"Hummel, Robbie"
2415,"Humphrey, Ryan"
2743,"Humphries, Kris"
2599,"Hunter, Brandon"
201805,"Hunter, Chris"
283,"Hunter, Lindsey"
201629,"Hunter, Othello"
1626154,"Hunter, RJ"
2212,"Hunter, Steven"
201586,"Ibaka, Serge"
2738,"Iguodala, Andre"
980,"Ilgauskas, Zydrunas"
101148,"Ilic, Mile"
101141,"Ilyasova, Ersan"
204060,"Ingles, Joe"
203996,"Inglis, Damien"
202681,"Irving, Kyrie"
947,"Iverson, Allen"
2767,"Ivey, Royal"
101127,"Jack, Jarrett"
1517,"Jackson, Bobby"
202132,"Jackson, Cedric"
201616,"Jackson, Darnell"
1114,"Jackson, Jaren"
1983,"Jackson, Jermaine"
754,"Jackson, Jim"
2739,"Jackson, Luke"
1531,"Jackson, Marc"
349,"Jackson, Mark"
202704,"Jackson, Reggie"
1536,"Jackson, Stephen"
2418,"Jacobsen, Casey"
203108,"James, Bernard"
202345,"James, Damion"
1744,"James, Jerome"
2544,"James, LeBron"
2229,"James, Mike"
1906,"James, Tim"
1712,"Jamison, Antawn"
1942,"Jamison, Harold"
2060,"Jaric, Marko"
101180,"Jasikevicius, Sarunas"
201605,"Jawai, Nathan"
2423,"Jefferies, Chris"
201785,"Jeffers, Othyus"
2744,"Jefferson, Al"
203928,"Jefferson, Cory"
200971,"Jefferson, Dontell"
2210,"Jefferson, Richard"
2407,"Jeffries, Jared"
202724,"Jenkins, Charles"
2798,"Jenkins, Horace"
203098,"Jenkins, John"
201943,"Jennings, Brandon"
201973,"Jerebko, Jonas"
201998,"Jerrells, Curtis"
203511,"Jerrett, Grant"
200817,"Jeter, Pooh"
2639,"Johnsen, Britton"
200792,"Johnson, Alexander"
101161,"Johnson, Amir"
1533,"Johnson, Anthony"
202356,"Johnson, Armon"
422,"Johnson, Avery"
201291,"Johnson, Carldell"
202419,"Johnson, Chris"
203187,"Johnson, Chris"
1626177,"Johnson, Dakari"
2035,"Johnson, DerMarr"
911,"Johnson, Ervin"
201274,"Johnson, Ivan"
202707,"Johnson, JaJuan"
201949,"Johnson, James"
2207,"Johnson, Joe"
2256,"Johnson, Ken"
2669,"Johnson, Linton"
203910,"Johnson, Nick"
203111,"Johnson, Orlando"
1626169,"Johnson, Stanley"
201234,"Johnson, Trey"
204020,"Johnson, Tyler"
202325,"Johnson, Wesley"
203130,"Johnson-Odom, Darius"
2264,"Jones, Alvin"
200784,"Jones, Bobby"
2563,"Jones, Dahntay"
1800,"Jones, Damon"
203199,"Jones, DeQuan"
202346,"Jones, Dominique"
101204,"Jones, Dwayne"
224,"Jones, Eddie"
2410,"Jones, Fred"
2592,"Jones, James"
1908,"Jones, Jumaine"
203158,"Jones, Kevin"
2891,"Jones, Mark"
203103,"Jones, Perry"
461,"Jones, Popeye"
200780,"Jones, Solomon"
203093,"Jones, Terrence"
1626145,"Jones, Tyus"
201599,"Jordan, DeAndre"
202366,"Jordan, Jerome"
893,"Jordan, Michael"
202709,"Joseph, Cory"
203126,"Joseph, Kris"
2549,"Kaman, Chris"
1626163,"Kaminsky, Frank"
202683,"Kanter, Enes"
2574,"Kapono, Jason"
203508,"Karasev, Sergey"
201207,"Karl, Coby"
2435,"Kasun, Mario"
203527,"Kelly, Ryan"
431,"Kemp, Shawn"
202810,"Kennedy, D.J."
1801,"Kerner, Jonathan"
70,"Kerr, Steve"
2751,"Khryapa, Viktor"
467,"Kidd, Jason"
203077,"Kidd-Gilchrist, Michael"
203930,"Kilpatrick, Sean"
200814,"Kinsey, Tarence"
1905,"Kirilenko, Andrei"
203945,"Kirk, Alex"
954,"Kittles, Kerry"
101132,"Kleiza, Linas"
2688,"Knight, Brandin"
202688,"Knight, Brandon"
1510,"Knight, Brevin"
969,"Knight, Travis"
101117,"Korolev, Yaroslav"
2594,"Korver, Kyle"
201585,"Koufos, Kosta"
203139,"Kravtsov, Viacheslav"
2420,"Krstic, Nenad"
389,"Kukoc, Toni"
201633,"Kurz, Rob"
2825,"Kutluay, Ibrahim"
203136,"Kuzmic, Ognjen"
1711,"LaFrentz, Raef"
1601,"LaRue, Rusty"
203897,"LaVine, Zach"
363,"Laettner, Christian"
201802,"Lafayette, Oliver"
1626215,"Lalanne, Cady"
203117,"Lamb, Doron"
203087,"Lamb, Jeremy"
2573,"Lampe, Maciej"
2253,"Lampley, Sean"
201171,"Landry, Carl"
202068,"Landry, Marcus"
2591,"Lang, James"
1892,"Langdon, Trajan"
101247,"Langford, Keith"
2061,"Langhi, Dan"
203499,"Larkin, Shane"
201186,"Lasme, Stephane"
203530,"Lauvergne, Joffrey"
201151,"Law, Acie"
202371,"Lawal, Gani"
1535,"Lawson, Jason"
201951,"Lawson, Ty"
203495,"Ledo, Ricky"
201584,"Lee, Courtney"
101135,"Lee, David"
202723,"Lee, Malcolm"
203458,"Len, Alex"
702,"Lenard, Voshon"
202695,"Leonard, Kawhi"
203086,"Leonard, Meyers"
202727,"Leslie, Travis"
202720,"Leuer, Jon"
1900,"Lewis, Quincy"
1740,"Lewis, Rashard"
202732,"Liggins, DeAndre"
203081,"Lillard, Damian"
202391,"Lin, Jeremy"
988,"Livingston, Randy"
2733,"Livingston, Shaun"
1024,"Llamas, Horacio"
1609,"Long, Art"
3,"Long, Grant"
1626172,"Looney, Kevon"
201572,"Lopez, Brook"
1732,"Lopez, Felipe"
2221,"Lopez, Raul"
201577,"Lopez, Robin"
201567,"Love, Kevin"
200768,"Lowry, Kyle"
203564,"Lucas, Kalin"
101249,"Lucas III, John"
1731,"Lue, Tyronn"
1626168,"Lyles, Trey"
248,"Lynch, George"
1928,"MacCulloch, Todd"
203159,"Machado, Scott"
101178,"Macijauskas, Arvydas"
694,"Mack, Sam"
202714,"Mack, Shelvin"
202731,"Macklin, Vernon"
2432,"Maddox, Tito"
2058,"Madsen, Mark"
1894,"Maggette, Corey"
2048,"Magloire, Jamaal"
101133,"Mahinmi, Ian"
105,"Majerle, Dan"
200970,"Major, Renaldo"
252,"Malone, Karl"
1074,"Maloney, Matt"
330,"Manning, Danny"
203906,"Marble, Devyn"
950,"Marbury, Stephon"
1890,"Marion, Shawn"
45944,"Marjanovic, Boban"
200806,"Markota, Damir"
1752,"Marks, Sean"
681,"Marshall, Donny"
923,"Marshall, Donyell"
203088,"Marshall, Kendall"
101185,"Marshall, Rawle"
201858,"Martin, Cartier"
239,"Martin, Darrick"
1626185,"Martin, Jarell"
2030,"Martin, Kenyon"
2755,"Martin, Kevin"
469,"Mashburn, Jamal"
193,"Mason, Anthony"
2046,"Mason, Desmond"
2427,"Mason Jr., Roger"
763,"Massenburg, Tony"
202083,"Matthews, Wesley"
101131,"Maxiell, Jason"
101118,"May, Sean"
201953,"Maynor, Eric"
201564,"Mayo, O.J."
201601,"Mbah a Moute, Luc"
2788,"Mbenga, DJ"
203949,"McAdoo, James Michael"
203492,"McCallum, Ray"
101119,"McCants, Rashad"
962,"McCarty, Walter"
1043,"McCaskill, Amal"
45,"McCloud, George"
203468,"McCollum, CJ"
1741,"McCoy, Jelani"
200840,"McCray, Chris"
1626191,"McCullough, Chris"
203909,"McDaniels, KJ"
203926,"McDermott, Doug"
686,"McDyess, Antonio"
200829,"McFarlin, Ivan"
203956,"McGary, Mitch"
201580,"McGee, JaVale"
1503,"McGrady, Tracy"
201187,"McGuire, Dominic"
976,"McInnis, Jeff"
365,"McKey, Derrick"
243,"McKie, Aaron"
203463,"McLemore, Ben"
2693,"McLeod, Keith"
202077,"McNeal, Jerel"
201177,"McRoberts, Josh"
2098,"Medvedenko, Slava"
201975,"Meeks, Jodie"
203539,"Mekel, Gal"
203097,"Melo, Fab"
200822,"Mensah-Bonsu, Pops"
1500,"Mercer, Ron"
1626175,"Mickey, Jordan"
203114,"Middleton, Khris"
2036,"Mihm, Chris"
101223,"Miles, Aaron"
101139,"Miles, CJ"
2032,"Miles, Darius"
2545,"Milicic, Darko"
1889,"Miller, Andre"
292,"Miller, Anthony"
1802,"Miller, Brad"
203121,"Miller, Darius"
2034,"Miller, Mike"
932,"Miller, Oliver"
203113,"Miller, Quincy"
397,"Miller, Reggie"
168,"Mills, Chris"
201988,"Mills, Patty"
202407,"Millsap, Elijah"
200794,"Millsap, Paul"
1626221,"Milutinov, Nikola"
202703,"Mirotic, Nikola"
417,"Mitchell, Sam"
203183,"Mitchell, Tony"
203502,"Mitchell, Tony"
1626232,"Mitrovic, Luka"
1749,"Mobley, Cuttino"
1737,"Mohammed, Nazr"
2040,"Moiso, Jerome"
2752,"Monia, Sergei"
202328,"Monroe, Greg"
1626242,"Montero, Luis"
376,"Montross, Eric"
200081,"Moon, Jamario"
202734,"Moore, E'Twaun"
1630,"Moore, Mikki"
203961,"Moreland, Eric"
202721,"Morris, Darius"
202694,"Morris, Marcus"
202693,"Morris, Markieff"
201043,"Morris, Randolph"
2242,"Morris, Terence"
200747,"Morrison, Adam"
201627,"Morrow, Anthony"
202700,"Motiejunas, Donatas"
2069,"Mottola, Hanno"
203102,"Moultrie, Arnett"
297,"Mourning, Alonzo"
202389,"Mozgov, Timofey"
1626144,"Mudiay, Emmanuel"
203498,"Muhammad, Shabazz"
201957,"Mullens, Byron"
203513,"Murphy, Erik"
203122,"Murphy, Kevin"
2211,"Murphy, Troy"
441,"Murray, Lamond"
2436,"Murray, Ronald"
145,"Murray, Tracy"
203315,"Murry, Toure"
203488,"Muscala, Mike"
87,"Mutombo, Dikembe"
101238,"N'Dong, Boniface"
2055,"N'diaye, Mamadou"
2411,"Nachbar, Bostjan"
1924,"Nailon, Lee"
2059,"Najera, Eduardo"
1626204,"Nance Jr., Larry"
203894,"Napier, Shabazz"
959,"Nash, Steve"
2434,"Navarro, Juan Carlos"
202380,"Ndiaye, Hamady"
1626254,"Ndour, Maurice"
202390,"Neal, Gary"
203517,"Nedovic, Nemanja"
201634,"Nelson, DeMarcus"
2749,"Nelson, Jameer"
1838,"Nesby, Tyrone"
1725,"Nesterovic, Rasho"
1956,"Newble, Ira"
271,"Newman, Johnny"
201193,"Nichols, Demetris"
203094,"Nicholson, Andrew"
201149,"Noah, Joakim"
2804,"Nocioni, Andres"
200786,"Noel, David"
203457,"Noel, Nerlens"
203512,"Nogueira, Lucas"
983,"Norris, Moochie"
200779,"Novak, Steve"
1717,"Nowitzki, Dirk"
203263,"Nunnally, James"
203994,"Nurkic, Jusuf"
203948,"O'Bryant, Johnny"
200753,"O'Bryant, Patrick"
979,"O'Neal, Jermaine"
406,"O'Neal, Shaquille"
203124,"O'Quinn, Kyle"
891,"Oakley, Charles"
101177,"Oberto, Fabricio"
201141,"Oden, Greg"
1885,"Odom, Lamar"
203317,"Ohlbrecht, Tim"
2731,"Okafor, Emeka"
1626143,"Okafor, Jahlil"
2246,"Okur, Mehmet"
203506,"Oladipo, Victor"
165,"Olajuwon, Hakeem"
2352,"Oliver, Dean"
1563,"Ollie, Kevin"
1709,"Olowokandi, Michael"
203482,"Olynyk, Kelly"
202620,"Onuaku, Arinze"
202350,"Orton, Daniel"
1626224,"Osman, Cedi"
731,"Ostertag, Greg"
1626162,"Oubre, Kelly"
448,"Outlaw, Bo"
2566,"Outlaw, Travis"
77,"Overton, Doug"
101261,"Owens, Andre"
182,"Owens, Billy"
2442,"Owens, Chris"
202082,"Owens, Larry"
2071,"Oyedeji, Olumide"
2585,"Pachulia, Zaza"
123,"Pack, Robert"
1909,"Padgett, Scott"
1960,"Palacio, Milt"
203123,"Papanikolaou, Kostas"
2457,"Pargo, Jannero"
202951,"Pargo, Jeremy"
1515,"Parker, Anthony"
203953,"Parker, Jabari"
2470,"Parker, Smush"
2225,"Parker, Tony"
685,"Parks, Cherokee"
202718,"Parsons, Chandler"
203934,"Patterson, Lamar"
202335,"Patterson, Patrick"
1739,"Patterson, Ruben"
101108,"Paul, Chris"
2562,"Pavlovic, Sasha"
203940,"Payne, Adreian"
1626166,"Payne, Cameron"
203901,"Payton, Elfrid"
56,"Payton, Gary"
200762,"Pecherov, Oleksiy"
324,"Peeler, Anthony"
201593,"Pekovic, Nikola"
2130,"Penberthy, Mike"
2667,"Penigar, Desmond"
2632,"Penney, Kirk"
2570,"Perkins, Kendrick"
200785,"Perovic, Kosta"
386,"Perry, Elliot"
445,"Person, Wesley"
2050,"Peterson, Morris"
101130,"Petro, Johan"
1626189,"Petteway, Terran"
15,"Piatkowski, Eric"
1718,"Pierce, Paul"
2554,"Pietrus, Mickael"
200838,"Pinkney, Kevinn"
937,"Pippen, Scottie"
202354,"Pittman, Dexter"
2565,"Planinic, Zoran"
203486,"Plumlee, Mason"
203101,"Plumlee, Miles"
2750,"Podkolzin, Pavel"
1626218,"Pointer, Sir'Dominic"
1513,"Pollard, Scot"
178,"Polynice, Olden"
202347,"Pondexter, Quincy"
998,"Pope, Mark"
203490,"Porter, Otto"
345,"Porter, Terry"
1626171,"Portis, Bobby"
204001,"Porzingis, Kristaps"
1899,"Posey, James"
2068,"Postell, Lavor"
958,"Potapenko, Vitaly"
200796,"Powe, Leon"
203939,"Powell, Dwight"
2694,"Powell, Josh"
2867,"Powell, Kasib"
1626181,"Powell, Norman"
101232,"Powell, Roger"
203515,"Pressey, Phil"
201985,"Price, A.J."
85,"Price, Brent"
101179,"Price, Ronnie"
203143,"Prigioni, Pablo"
2419,"Prince, Tayshaun"
1919,"Profit, Laron"
201172,"Pruitt, Gabe"
2038,"Przybilla, Joel"
200809,"Quinn, Chris"
1626230,"Radicevic, Nikola"
2209,"Radmanovic, Vladimir"
1893,"Radojevic, Aleksandar"
203545,"Raduljica, Miroslav"
2080,"Rakocevic, Igor"
2762,"Ramos, Peter"
203944,"Randle, Julius"
201576,"Randolph, Anthony"
101183,"Randolph, Shavlik"
2216,"Randolph, Zach"
689,"Ratliff, Theo"
202360,"Rautins, Andy"
200810,"Ray, Allan"
1442,"Rebraca, Zeljko"
695,"Recasner, Eldridge"
2072,"Redd, Michael"
200755,"Redick, JJ"
2770,"Reed, Justin"
203186,"Reed, Willie"
690,"Reid, Don"
202385,"Reid, Ryan"
2876,"Reiner, Jared"
981,"Rentzias, Efthimios"
779,"Rice, Glen"
203318,"Rice Jr., Glen"
201181,"Richard, Chris"
2202,"Richardson, Jason"
200978,"Richardson, Jeremy"
1626196,"Richardson, Josh"
2369,"Richardson, Norman"
2047,"Richardson, Quentin"
782,"Richmond, Mitch"
375,"Rider, Isaiah"
2557,"Ridnour, Luke"
2541,"Rigaudeau, Antoine"
203085,"Rivers, Austin"
203460,"Roberson, Andre"
101194,"Roberson, Anthony"
203148,"Roberts, Brian"
101160,"Roberts, Lawrence"
2774,"Robinson, Bernard"
361,"Robinson, Clifford"
764,"Robinson, David"
1944,"Robinson, Eddie"
299,"Robinson, Glenn"
203922,"Robinson, Glenn"
1683,"Robinson, Larry"
101126,"Robinson, Nate"
203080,"Robinson, Thomas"
200771,"Rodriguez, Sergio"
435,"Rogers, Carlos"
915,"Rogers, Rodney"
202375,"Rolle, Magnum"
200765,"Rondo, Rajon"
399,"Rooks, Sean"
201565,"Rose, Derrick"
147,"Rose, Jalen"
990,"Rose, Malik"
2624,"Ross, Quinton"
203082,"Ross, Terrence"
200750,"Roy, Brandon"
1626179,"Rozier, Terry"
201937,"Rubio, Ricky"
2462,"Rucker, Guy"
204014,"Rudez, Damjan"
1913,"Ruffin, Michael"
201575,"Rush, Brandon"
2416,"Rush, Kareem"
935,"Russell, Bryon"
1626156,"Russell, D'Angelo"
201041,"Russell, Walker"
717,"Sabonis, Arvydas"
203135,"Sacre, Robert"
2422,"Salmons, John"
2066,"Samake, Soumaila"
200798,"Samb, Cheikh"
203960,"Sampson, JaKarr"
2441,"Sampson, Jamal"
202396,"Samuels, Samardo"
2143,"Sanchez, Juan"
202336,"Sanders, Larry"
2684,"Sanders, Melvin"
2091,"Santiago, Daniel"
987,"Sasser, Jason"
2219,"Sasser, Jeryl"
2261,"Satterfield, Kenny"
2453,"Savovic, Predrag"
2243,"Scalabrine, Brian"
2637,"Scales, Alex"
101195,"Schenscher, Luke"
203471,"Schroder, Dennis"
2449,"Scola, Luis"
203118,"Scott, Mike"
1035,"Scott, Shawnelle"
200757,"Sefolosha, Thabo"
202729,"Selby, Josh"
200754,"Sene, Mouhamed"
202338,"Seraphin, Kevin"
1738,"Sesay, Ansu"
201196,"Sessions, Ramon"
2775,"Seung-Jin, Ha"
201203,"Shakur, Mustafa"
201594,"Sharpe, Walter"
216,"Shaw, Brian"
1745,"Shaw, Casey"
203129,"Shengelia, Tornike"
2321,"Shirley, Paul"
202697,"Shumpert, Iman"
203144,"Shved, Alexey"
202918,"Silas, Xavier"
202081,"Siler, Garret"
101134,"Simien, Wayne"
2250,"Simmons, Bobby"
200759,"Simmons, Cedric"
1750,"Simon, Miles"
54,"Simpkins, Dickey"
202067,"Simpson, Diamon"
201235,"Sims, Courtney"
203156,"Sims, Henry"
1626228,"Singh, Satnam"
202713,"Singler, Kyle"
201606,"Singletary, Sean"
202698,"Singleton, Chris"
101189,"Singleton, James"
203491,"Siva, Peyton"
1730,"Skinner, Brian"
1073,"Slater, Reggie"
2447,"Slay, Tamar"
202388,"Sloan, Donald"
101166,"Slokar, Uros"
203935,"Smart, Marcus"
1520,"Smith, Charles"
203147,"Smith, Chris"
200783,"Smith, Craig"
2764,"Smith, Donta"
202962,"Smith, Greg"
202397,"Smith, Ish"
2747,"Smith, J.R."
2074,"Smith, Jabari"
201160,"Smith, Jason"
202536,"Smith, Jerry"
693,"Smith, Joe"
2746,"Smith, Josh"
1910,"Smith, Leon"
202701,"Smith, Nolan"
203893,"Smith, Russ"
120,"Smith, Steven"
200848,"Smith, Steven"
2604,"Smith, Theron"
203503,"Snell, Tony"
727,"Snow, Eric"
2745,"Snyder, Kirk"
2226,"Solomon, Will"
2443,"Songaila, Darius"
203480,"Southerland, James"
2776,"Sow, Pape"
2779,"Spanoulis, Vassilis"
201578,"Speights, Marreese"
280,"Spencer, Felton"
201168,"Splitter, Tiago"
84,"Sprewell, Latrell"
711,"Stackhouse, Jerry"
317,"Starks, John"
203917,"Stauskas, Nik"
1735,"Stepania, Vladimir"
203474,"Stephens, DJ"
202362,"Stephenson, Lance"
2052,"Stevenson, DeShawn"
1565,"Stewart, Michael"
201880,"Stiemsma, Greg"
179,"Stith, Bryant"
204065,"Stockton, David"
304,"Stockton, John"
978,"Stojakovic, Peja"
203950,"Stokes, Jarnell"
202933,"Stone, Julyan"
2852,"Storey, Awvee"
757,"Stoudamire, Damon"
101136,"Stoudamire, Salim"
2405,"Stoudemire, Amar'e"
201199,"Strawberry, DJ"
1065,"Strickland, Erick"
1110,"Strickland, Mark"
393,"Strickland, Rod"
201155,"Stuckey, Rodney"
203096,"Sullinger, Jared"
201969,"Summers, DaJuan"
1743,"Sundov, Bruno"
682,"Sura, Bob"
2552,"Sweetney, Michael"
2741,"Swift, Robert"
2031,"Swift, Stromile"
202377,"Sy, Pape"
1887,"Szczerbiak, Wally"
2657,"Tabuse, Yuta"
101147,"Taft, Chris"
204002,"Tavares, Walter"
101182,"Taylor, Donell"
203106,"Taylor, Jeff"
201966,"Taylor, Jermaine"
1508,"Taylor, Maurice"
201446,"Taylor, Mike"
203116,"Taylor, Tyshawn"
201952,"Teague, Jeff"
203104,"Teague, Marquis"
203141,"Teletovic, Mirza"
2742,"Telfair, Sebastian"
202066,"Temple, Garrett"
1891,"Terry, Jason"
201934,"Thabeet, Hasheem"
203519,"Thomas, Adonis"
2873,"Thomas, Billy"
2041,"Thomas, Etan"
202738,"Thomas, Isaiah"
2839,"Thomas, James"
1519,"Thomas, John"
1903,"Thomas, Kenny"
703,"Thomas, Kurt"
202498,"Thomas, Lance"
202952,"Thomas, Malcolm"
1501,"Thomas, Tim"
200748,"Thomas, Tyrus"
202717,"Thompkins, Trey"
101159,"Thompson, Dijon"
203138,"Thompson, Hollis"
201574,"Thompson, Jason"
202691,"Thompson, Klay"
202814,"Thompson, Mychel"
202684,"Thompson, Tristan"
201154,"Thornton, Al"
201977,"Thornton, Marcus"
1626194,"Thornton, Marcus"
2224,"Tinsley, Jamaal"
1626160,"Tokoto, JP"
201229,"Tolliver, Anthony"
2351,"Torres, Oscar"
1626157,"Towns, Karl-Anthony"
1714,"Traylor, Robert"
718,"Trent, Gary"
2244,"Trepagnier, Jeff"
2456,"Trybanski, Cezary"
2054,"Tsakalidis, Jake"
2401,"Tskitishvili, Nikoloz"
201169,"Tucker, Alando"
200782,"Tucker, PJ"
101142,"Turiaf, Ronny"
2045,"Turkoglu, Hedo"
202323,"Turner, Evan"
1626167,"Turner, Myles"
202719,"Tyler, Jeremy"
202775,"Ubiles, Edwin"
202327,"Udoh, Ekpe"
2137,"Udoka, Ime"
2757,"Udrih, Beno"
101146,"Ukic, Roko Leni"
202386,"Uzoh, Ben"
201987,"Vaden, Robert"
202685,"Valanciunas, Jonas"
89,"Van Exel, Nick"
1496,"Van Horn, Keith"
2237,"Varda, Ratko"
2760,"Varejao, Anderson"
202363,"Varnado, Jarvis"
202349,"Vasquez, Greivis"
1521,"Vaughn, Jacque"
1626173,"Vaughn, Rashad"
1626225,"Vaulet, Juan Pablo"
202686,"Vesely, Jan"
101111,"Villanueva, Charlie"
200790,"Vinicius, Marcus"
203943,"Vonleh, Noah"
2063,"Voskuhl, Jake"
2582,"Vranes, Slavko"
2761,"Vroman, Jackson"
202696,"Vucevic, Nikola"
2756,"Vujacic, Sasha"
2548,"Wade, Dwyane"
101144,"Wafer, Von"
2402,"Wagner, Dajuan"
203079,"Waiters, Dion"
952,"Walker, Antoine"
201611,"Walker, Henry"
202689,"Walker, Kemba"
955,"Walker, Samaki"
202322,"Wall, John"
1112,"Wallace, Ben"
2222,"Wallace, Gerald"
961,"Wallace, John"
739,"Wallace, Rasheed"
101190,"Walsh, Matt"
2575,"Walton, Luke"
369,"Ward, Charlie"
203810,"Ware, Casper"
203933,"Warren, TJ"
202378,"Warren, Willie"
101124,"Warrick, Hakim"
200827,"Washington, Darius"
201208,"Watkins, Darryl"
201228,"Watson, CJ"
2248,"Watson, Earl"
203146,"Wayns, Maalik"
204033,"Wear, David"
204037,"Wear, Travis"
221,"Weatherspoon, Clar."
201602,"Weaver, Kyle"
185,"Webber, Chris"
101110,"Webster, Martell"
201603,"Weems, Sonny"
1719,"Wells, Bonzi"
2412,"Welsch, Jiri"
133,"Wesley, David"
2561,"West, David"
2753,"West, Delonte"
201238,"West, Mario"
201566,"Westbrook, Russell"
101156,"Whaley, Robert"
1626206,"White, Aaron"
201591,"White, DJ"
1751,"White, Jahidi"
200778,"White, James"
2206,"White, Rodney"
203091,"White, Royce"
202358,"White, Terrico"
202355,"Whiteside, Hassan"
43,"Whitney, Chris"
203963,"Whittington, Shayne"
203952,"Wiggins, Andrew"
203912,"Wilcox, CJ"
2404,"Wilcox, Chris"
2863,"Wilkins, Damien"
2366,"Wilks, Mike"
1425,"Williams, Aaron"
1541,"Williams, Alvin"
1585,"Williams, Brandon"
101114,"Williams, Deron"
202682,"Williams, Derrick"
202343,"Williams, Elliot"
677,"Williams, Eric"
2421,"Williams, Frank"
1715,"Williams, Jason"
101214,"Williams, Jawad"
2398,"Williams, Jay"
966,"Williams, Jerome"
202716,"Williams, Jordan"
200818,"Williams, Justin"
101150,"Williams, Lou"
200766,"Williams, Marcus"
201173,"Williams, Marcus"
101107,"Williams, Marvin"
2590,"Williams, Mo"
42,"Williams, Monty"
202130,"Williams, Reggie"
281,"Williams, Scott"
201157,"Williams, Sean"
1742,"Williams, Shammond"
200761,"Williams, Shawne"
200749,"Williams, Shelden"
201944,"Williams, Terrence"
1005,"Williams, Walt"
722,"Williamson, Corliss"
788,"Willis, Kevin"
1626159,"Winslow, Justise"
203481,"Withey, Jeff"
2106,"Wolkowyski, Ruben"
203489,"Wolters, Nate"
2254,"Woods, Loren"
2417,"Woods, Qyntel"
1897,"World Peace, Metta"
101120,"Wright, Antoine"
101152,"Wright, Bracey"
201148,"Wright, Brandan"
202874,"Wright, Chris"
203203,"Wright, Chris"
1626153,"Wright, Delon"
2748,"Wright, Dorell"
201153,"Wright, Julian"
953,"Wright, Lorenzen"
203100,"Wroten, Tony"
2397,Yao Ming
2428,"Yarbrough, Vincent"
201146,Yi Jianlian
203923,"Young, James"
1626202,"Young, Joe"
201156,"Young, Nick"
201970,"Young, Sam"
201152,"Young, Thaddeus"
201180,"Yue, Sun"
203469,"Zeller, Cody"
202545,"Zeller, Luke"
203092,"Zeller, Tyler"
1917,"Zhi-zhi, Wang"
2583,"Zimmerman, Derrick"
