,SEASON_ID,TEAM_ID,TEAM_NAME,GP,W,L,W_PCT,MIN,OFF_RATING,DEF_RATING,NET_RATING,AST_PCT,AST_TO,AST_RATIO,OREB_PCT,DREB_PCT,REB_PCT,TM_TOV_PCT,EFG_PCT,TS_PCT,PACE,PIE,CFID,CFPARAMS
0,41996,1610612737,Atlanta Hawks,10,4,6,0.4,495.0,101.8,105.8,-4.0,0.498,0.96,13.5,0.299,0.692,0.508,0.184,0.485,0.541,84.44,0.48,10,Atlanta Hawks
1,41996,1610612766,Charlotte Hornets,3,0,3,0.0,150.0,106.2,118.6,-12.4,0.505,1.38,15.1,0.314,0.753,0.509,0.148,0.492,0.535,85.29,0.42,10,Charlotte Hornets
2,41996,1610612741,Chicago Bulls,19,15,4,0.789,937.0,105.2,98.4,6.8,0.596,1.67,16.7,0.349,0.725,0.529,0.141,0.47,0.512,85.86,0.56,10,Chicago Bulls
3,41996,1610612765,Detroit Pistons,5,2,3,0.4,250.0,101.3,102.7,-1.4,0.42,1.42,12.7,0.214,0.695,0.432,0.114,0.471,0.513,81.61,0.451,10,Detroit Pistons
4,41996,1610612745,Houston Rockets,16,9,7,0.563,795.0,109.5,108.3,1.2,0.655,1.52,18.1,0.312,0.688,0.507,0.164,0.516,0.566,89.06,0.511,10,Houston Rockets
5,41996,1610612746,Los Angeles Clippers,3,0,3,0.0,153.0,103.4,118.6,-15.2,0.5,1.36,14.1,0.24,0.676,0.433,0.134,0.476,0.527,83.88,0.362,10,Los Angeles Clippers
6,41996,1610612747,Los Angeles Lakers,9,4,5,0.444,457.0,106.2,103.8,2.4,0.638,1.54,16.9,0.289,0.696,0.494,0.149,0.481,0.544,85.29,0.512,10,Los Angeles Lakers
7,41996,1610612748,Miami Heat,17,8,9,0.471,844.0,96.6,97.1,-0.6,0.582,1.06,14.6,0.272,0.713,0.496,0.182,0.467,0.512,85.73,0.481,10,Miami Heat
8,41996,1610612750,Minnesota Timberwolves,3,0,3,0.0,149.0,108.4,118.7,-10.2,0.6,2.57,18.5,0.296,0.692,0.466,0.102,0.487,0.516,89.32,0.425,10,Minnesota Timberwolves
9,41996,1610612752,New York Knicks,10,6,4,0.6,498.0,102.2,98.5,3.7,0.615,1.34,17.6,0.254,0.736,0.502,0.176,0.504,0.548,86.79,0.543,10,New York Knicks
10,41996,1610612753,Orlando Magic,5,2,3,0.4,248.0,96.9,105.3,-8.4,0.443,1.06,12.0,0.229,0.676,0.451,0.143,0.448,0.501,84.19,0.428,10,Orlando Magic
11,41996,1610612756,Phoenix Suns,5,2,3,0.4,253.0,99.2,113.6,-14.4,0.663,1.41,17.0,0.235,0.685,0.464,0.16,0.478,0.528,95.06,0.434,10,Phoenix Suns
12,41996,1610612757,Portland Trail Blazers,4,1,3,0.25,202.0,101.1,110.0,-8.9,0.603,1.27,16.4,0.296,0.692,0.485,0.175,0.479,0.528,84.1,0.418,10,Portland Trail Blazers
13,41996,1610612760,Seattle SuperSonics,12,6,6,0.5,607.0,110.6,103.7,6.9,0.637,1.72,17.7,0.32,0.693,0.502,0.143,0.494,0.551,91.12,0.528,10,Seattle SuperSonics
14,41996,1610612762,Utah Jazz,20,13,7,0.65,998.0,107.0,104.3,2.7,0.646,1.63,17.7,0.293,0.742,0.524,0.149,0.485,0.547,86.0,0.536,10,Utah Jazz
15,41996,1610612764,Washington Bullets,3,0,3,0.0,151.0,103.5,111.3,-7.8,0.5,0.91,14.2,0.321,0.608,0.473,0.203,0.505,0.563,86.96,0.455,10,Washington Bullets
0,41997,1610612737,Atlanta Hawks,4,1,3,0.25,192.0,103.5,99.7,3.8,0.519,1.33,15.1,0.288,0.784,0.532,0.151,0.495,0.528,85.42,0.492,10,Atlanta Hawks
1,41997,1610612766,Charlotte Hornets,9,4,5,0.444,432.0,96.0,104.0,-8.0,0.641,1.5,18.2,0.238,0.692,0.467,0.164,0.479,0.509,85.8,0.458,10,Charlotte Hornets
2,41997,1610612741,Chicago Bulls,21,15,6,0.714,1018.0,106.2,98.7,7.6,0.601,1.63,16.8,0.343,0.724,0.525,0.143,0.472,0.523,86.63,0.554,10,Chicago Bulls
3,41997,1610612739,Cleveland Cavaliers,4,1,3,0.25,192.0,94.7,104.1,-9.4,0.692,1.01,16.3,0.303,0.742,0.523,0.214,0.449,0.524,85.26,0.436,10,Cleveland Cavaliers
4,41997,1610612745,Houston Rockets,5,2,3,0.4,240.0,93.7,100.7,-7.0,0.559,1.25,13.8,0.247,0.765,0.492,0.144,0.416,0.478,90.56,0.426,10,Houston Rockets
5,41997,1610612754,Indiana Pacers,16,10,6,0.625,773.0,104.4,100.9,3.5,0.598,1.31,16.5,0.256,0.674,0.472,0.166,0.499,0.556,87.72,0.522,10,Indiana Pacers
6,41997,1610612747,Los Angeles Lakers,13,7,6,0.538,624.0,111.1,108.2,2.9,0.637,1.76,18.0,0.331,0.683,0.504,0.143,0.514,0.553,90.83,0.509,10,Los Angeles Lakers
7,41997,1610612748,Miami Heat,5,2,3,0.4,240.0,99.3,102.0,-2.7,0.547,1.21,14.6,0.211,0.719,0.468,0.155,0.483,0.529,87.94,0.464,10,Miami Heat
8,41997,1610612750,Minnesota Timberwolves,5,2,3,0.4,240.0,101.1,107.9,-6.8,0.699,1.66,18.4,0.315,0.694,0.49,0.157,0.462,0.508,89.06,0.451,10,Minnesota Timberwolves
9,41997,1610612751,New Jersey Nets,3,0,3,0.0,149.0,104.9,111.7,-6.7,0.45,1.25,13.9,0.333,0.643,0.498,0.147,0.485,0.531,88.17,0.449,10,New Jersey Nets
10,41997,1610612752,New York Knicks,10,4,6,0.4,485.0,98.2,101.2,-3.1,0.584,1.17,15.7,0.269,0.77,0.516,0.178,0.472,0.523,89.06,0.478,10,New York Knicks
11,41997,1610612756,Phoenix Suns,4,1,3,0.25,192.0,99.4,107.8,-8.4,0.534,1.8,15.8,0.261,0.735,0.478,0.118,0.459,0.492,93.43,0.438,10,Phoenix Suns
12,41997,1610612757,Portland Trail Blazers,4,1,3,0.25,192.0,105.8,112.0,-6.3,0.667,1.48,18.1,0.335,0.74,0.527,0.172,0.489,0.542,93.56,0.454,10,Portland Trail Blazers
13,41997,1610612759,San Antonio Spurs,9,4,5,0.444,437.0,103.0,98.5,4.5,0.52,1.2,14.8,0.283,0.749,0.529,0.162,0.489,0.536,88.46,0.527,10,San Antonio Spurs
14,41997,1610612760,Seattle SuperSonics,10,4,6,0.4,480.0,107.6,111.3,-3.7,0.618,1.73,17.9,0.323,0.643,0.486,0.144,0.497,0.538,88.06,0.482,10,Seattle SuperSonics
15,41997,1610612762,Utah Jazz,20,13,7,0.65,970.0,99.7,98.1,1.6,0.669,1.55,18.4,0.256,0.711,0.496,0.161,0.477,0.526,87.96,0.537,10,Utah Jazz
0,41998,1610612737,Atlanta Hawks,9,3,6,0.333,432.0,91.5,97.3,-5.8,0.486,0.97,12.3,0.298,0.716,0.499,0.165,0.415,0.47,85.89,0.463,10,Atlanta Hawks
1,41998,1610612765,Detroit Pistons,5,2,3,0.4,240.0,96.7,98.6,-2.0,0.553,1.51,16.0,0.299,0.706,0.493,0.144,0.452,0.487,82.64,0.463,10,Detroit Pistons
2,41998,1610612745,Houston Rockets,4,1,3,0.25,192.0,103.4,104.9,-1.5,0.607,1.55,16.1,0.308,0.747,0.529,0.141,0.463,0.517,94.2,0.478,10,Houston Rockets
3,41998,1610612754,Indiana Pacers,13,9,4,0.692,629.0,103.0,99.5,3.5,0.631,1.31,16.8,0.304,0.716,0.519,0.174,0.485,0.54,89.93,0.541,10,Indiana Pacers
4,41998,1610612747,Los Angeles Lakers,8,3,5,0.375,384.0,99.6,103.4,-3.8,0.553,1.39,15.5,0.272,0.717,0.481,0.148,0.473,0.508,94.02,0.462,10,Los Angeles Lakers
5,41998,1610612748,Miami Heat,5,2,3,0.4,240.0,93.7,101.4,-7.7,0.603,1.3,15.1,0.219,0.71,0.468,0.15,0.441,0.494,83.06,0.481,10,Miami Heat
6,41998,1610612749,Milwaukee Bucks,3,0,3,0.0,149.0,102.2,111.0,-8.7,0.588,1.22,16.1,0.27,0.653,0.463,0.175,0.484,0.542,91.06,0.43,10,Milwaukee Bucks
7,41998,1610612750,Minnesota Timberwolves,4,1,3,0.25,192.0,90.4,99.7,-9.3,0.586,1.29,15.4,0.322,0.731,0.516,0.163,0.412,0.453,88.01,0.416,10,Minnesota Timberwolves
8,41998,1610612752,New York Knicks,20,12,8,0.6,960.0,96.6,93.6,3.0,0.469,1.12,13.2,0.258,0.749,0.502,0.152,0.451,0.501,88.35,0.504,10,New York Knicks
9,41998,1610612753,Orlando Magic,4,1,3,0.25,192.0,93.3,102.1,-8.8,0.712,1.04,15.6,0.337,0.581,0.459,0.206,0.422,0.49,91.54,0.427,10,Orlando Magic
10,41998,1610612755,Philadelphia 76ers,8,3,5,0.375,384.0,100.0,98.8,1.1,0.549,1.43,15.2,0.375,0.663,0.513,0.148,0.437,0.48,89.53,0.503,10,Philadelphia 76ers
11,41998,1610612756,Phoenix Suns,3,0,3,0.0,144.0,98.4,109.5,-11.2,0.644,1.6,17.7,0.24,0.747,0.45,0.149,0.473,0.512,93.79,0.389,10,Phoenix Suns
12,41998,1610612757,Portland Trail Blazers,13,7,6,0.538,624.0,98.5,98.5,0.1,0.62,1.3,15.8,0.259,0.739,0.502,0.161,0.451,0.518,87.68,0.5,10,Portland Trail Blazers
13,41998,1610612758,Sacramento Kings,5,2,3,0.4,250.0,94.2,99.4,-5.2,0.562,1.02,14.3,0.292,0.684,0.484,0.185,0.446,0.497,92.26,0.441,10,Sacramento Kings
14,41998,1610612759,San Antonio Spurs,17,15,2,0.882,816.0,100.7,90.4,10.3,0.674,1.43,17.9,0.261,0.718,0.504,0.17,0.48,0.535,88.8,0.597,10,San Antonio Spurs
15,41998,1610612762,Utah Jazz,11,5,6,0.455,538.0,97.2,96.4,0.9,0.68,1.42,17.6,0.28,0.735,0.515,0.169,0.451,0.51,89.48,0.534,10,Utah Jazz
0,41999,1610612766,Charlotte Hornets,4,1,3,0.25,197.0,102.7,103.5,-0.8,0.705,1.47,18.2,0.329,0.701,0.521,0.174,0.46,0.525,87.59,0.522,10,Charlotte Hornets
1,41999,1610612765,Detroit Pistons,3,0,3,0.0,144.0,86.4,98.9,-12.5,0.524,0.86,13.0,0.154,0.773,0.454,0.184,0.435,0.49,91.63,0.375,10,Detroit Pistons
2,41999,1610612754,Indiana Pacers,23,13,10,0.565,1109.0,107.1,103.3,3.8,0.582,1.75,16.7,0.251,0.73,0.495,0.127,0.488,0.545,91.58,0.523,10,Indiana Pacers
3,41999,1610612747,Los Angeles Lakers,23,15,8,0.652,1109.0,107.0,104.7,2.4,0.584,1.8,17.0,0.306,0.737,0.516,0.13,0.498,0.529,92.72,0.517,10,Los Angeles Lakers
4,41999,1610612748,Miami Heat,10,6,4,0.6,485.0,94.8,92.4,2.4,0.618,1.37,16.3,0.257,0.808,0.533,0.158,0.451,0.493,86.65,0.533,10,Miami Heat
5,41999,1610612749,Milwaukee Bucks,5,2,3,0.4,240.0,103.6,102.3,1.3,0.545,1.75,16.5,0.285,0.704,0.506,0.127,0.479,0.52,92.37,0.534,10,Milwaukee Bucks
6,41999,1610612750,Minnesota Timberwolves,4,1,3,0.25,192.0,99.5,101.7,-2.3,0.686,2.0,19.7,0.279,0.739,0.498,0.137,0.467,0.506,85.73,0.494,10,Minnesota Timberwolves
7,41999,1610612752,New York Knicks,16,9,7,0.563,773.0,98.0,97.6,0.3,0.469,1.24,13.4,0.203,0.733,0.474,0.136,0.462,0.512,86.33,0.489,10,New York Knicks
8,41999,1610612755,Philadelphia 76ers,10,5,5,0.5,485.0,102.2,105.9,-3.7,0.558,1.5,15.3,0.312,0.724,0.51,0.138,0.452,0.507,90.23,0.462,10,Philadelphia 76ers
9,41999,1610612756,Phoenix Suns,9,4,5,0.444,432.0,93.4,98.3,-4.9,0.628,1.38,16.4,0.303,0.689,0.494,0.163,0.435,0.474,93.02,0.47,10,Phoenix Suns
10,41999,1610612757,Portland Trail Blazers,16,10,6,0.625,768.0,104.5,99.4,5.2,0.593,1.52,16.4,0.259,0.75,0.505,0.143,0.481,0.541,88.4,0.528,10,Portland Trail Blazers
11,41999,1610612758,Sacramento Kings,5,2,3,0.4,240.0,102.1,110.6,-8.5,0.494,1.38,13.5,0.263,0.62,0.447,0.127,0.456,0.512,94.38,0.442,10,Sacramento Kings
12,41999,1610612759,San Antonio Spurs,4,1,3,0.25,192.0,87.5,89.3,-1.8,0.531,0.92,12.4,0.265,0.708,0.491,0.174,0.391,0.457,93.17,0.474,10,San Antonio Spurs
13,41999,1610612760,Seattle SuperSonics,5,2,3,0.4,240.0,101.3,104.1,-2.9,0.569,1.36,15.9,0.287,0.719,0.494,0.159,0.481,0.519,91.32,0.455,10,Seattle SuperSonics
14,41999,1610612761,Toronto Raptors,3,0,3,0.0,144.0,94.0,99.5,-5.5,0.687,1.33,15.7,0.307,0.795,0.536,0.161,0.403,0.477,88.53,0.487,10,Toronto Raptors
15,41999,1610612762,Utah Jazz,10,4,6,0.4,480.0,98.5,103.1,-4.6,0.713,1.58,19.1,0.264,0.721,0.5,0.166,0.475,0.519,90.02,0.492,10,Utah Jazz
0,42000,1610612766,Charlotte Hornets,10,6,4,0.6,480.0,105.4,97.7,7.7,0.581,1.63,15.9,0.303,0.738,0.513,0.133,0.462,0.521,91.17,0.538,10,Charlotte Hornets
1,42000,1610612742,Dallas Mavericks,10,4,6,0.4,480.0,100.8,105.9,-5.1,0.528,1.47,14.1,0.27,0.697,0.474,0.127,0.436,0.501,91.01,0.45,10,Dallas Mavericks
2,42000,1610612754,Indiana Pacers,4,1,3,0.25,192.0,95.6,104.8,-9.2,0.634,1.66,16.8,0.264,0.659,0.457,0.137,0.436,0.482,90.22,0.429,10,Indiana Pacers
3,42000,1610612747,Los Angeles Lakers,16,15,1,0.938,773.0,108.8,95.3,13.5,0.596,1.63,17.3,0.33,0.741,0.541,0.147,0.505,0.542,94.42,0.595,10,Los Angeles Lakers
4,42000,1610612748,Miami Heat,3,0,3,0.0,144.0,85.0,110.3,-25.3,0.562,0.89,14.3,0.188,0.697,0.445,0.203,0.447,0.484,91.73,0.317,10,Miami Heat
5,42000,1610612749,Milwaukee Bucks,18,10,8,0.556,869.0,105.0,102.4,2.6,0.627,1.69,17.4,0.304,0.688,0.505,0.143,0.476,0.526,91.08,0.515,10,Milwaukee Bucks
6,42000,1610612750,Minnesota Timberwolves,4,1,3,0.25,192.0,90.4,98.8,-8.4,0.602,1.45,15.4,0.25,0.759,0.497,0.141,0.406,0.461,90.13,0.457,10,Minnesota Timberwolves
7,42000,1610612752,New York Knicks,5,2,3,0.4,240.0,100.6,99.5,1.1,0.467,1.07,13.9,0.224,0.701,0.481,0.165,0.496,0.545,90.59,0.483,10,New York Knicks
8,42000,1610612753,Orlando Magic,4,1,3,0.25,197.0,104.5,110.2,-5.6,0.564,1.96,16.4,0.274,0.634,0.451,0.114,0.479,0.511,95.89,0.462,10,Orlando Magic
9,42000,1610612755,Philadelphia 76ers,23,12,11,0.522,1109.0,101.6,103.3,-1.7,0.586,1.61,16.0,0.327,0.715,0.517,0.136,0.445,0.498,89.8,0.495,10,Philadelphia 76ers
10,42000,1610612756,Phoenix Suns,4,1,3,0.25,192.0,88.7,98.0,-9.3,0.625,1.55,15.8,0.277,0.658,0.463,0.138,0.404,0.445,99.85,0.452,10,Phoenix Suns
11,42000,1610612757,Portland Trail Blazers,3,0,3,0.0,144.0,95.6,108.8,-13.2,0.51,1.09,13.7,0.221,0.656,0.436,0.161,0.454,0.507,94.19,0.393,10,Portland Trail Blazers
12,42000,1610612758,Sacramento Kings,8,3,5,0.375,384.0,97.5,98.6,-1.1,0.484,1.01,12.7,0.32,0.699,0.508,0.166,0.432,0.495,99.46,0.48,10,Sacramento Kings
13,42000,1610612759,San Antonio Spurs,13,7,6,0.538,624.0,100.5,99.1,1.4,0.588,1.41,16.2,0.25,0.707,0.489,0.153,0.475,0.521,91.94,0.506,10,San Antonio Spurs
14,42000,1610612761,Toronto Raptors,12,6,6,0.5,576.0,102.0,102.3,-0.3,0.636,1.65,18.0,0.294,0.714,0.496,0.15,0.481,0.52,89.77,0.511,10,Toronto Raptors
15,42000,1610612762,Utah Jazz,5,2,3,0.4,240.0,101.0,104.5,-3.5,0.703,1.9,18.6,0.303,0.75,0.52,0.137,0.447,0.503,89.27,0.502,10,Utah Jazz
0,42001,1610612738,Boston Celtics,16,9,7,0.563,768.0,99.1,95.6,3.5,0.571,1.33,15.4,0.25,0.751,0.504,0.153,0.469,0.515,92.3,0.515,10,Boston Celtics
1,42001,1610612766,Charlotte Hornets,9,4,5,0.444,442.0,100.8,100.4,0.4,0.573,1.32,15.1,0.332,0.734,0.53,0.155,0.449,0.505,93.38,0.5,10,Charlotte Hornets
2,42001,1610612742,Dallas Mavericks,8,4,4,0.5,389.0,108.2,109.3,-1.1,0.494,1.57,15.0,0.242,0.676,0.461,0.124,0.499,0.55,98.83,0.488,10,Dallas Mavericks
3,42001,1610612765,Detroit Pistons,10,4,6,0.4,480.0,93.8,93.0,0.8,0.636,1.28,16.0,0.229,0.721,0.465,0.165,0.454,0.497,89.06,0.479,10,Detroit Pistons
4,42001,1610612754,Indiana Pacers,5,2,3,0.4,250.0,95.7,93.9,1.8,0.609,1.16,16.9,0.215,0.758,0.505,0.19,0.489,0.533,92.7,0.52,10,Indiana Pacers
5,42001,1610612747,Los Angeles Lakers,19,15,4,0.789,917.0,103.7,99.1,4.6,0.549,1.43,15.6,0.291,0.729,0.518,0.146,0.482,0.527,94.09,0.531,10,Los Angeles Lakers
6,42001,1610612750,Minnesota Timberwolves,3,0,3,0.0,144.0,104.5,113.2,-8.7,0.444,1.02,12.5,0.303,0.808,0.544,0.161,0.475,0.53,98.57,0.432,10,Minnesota Timberwolves
7,42001,1610612751,New Jersey Nets,20,11,9,0.55,970.0,98.7,100.3,-1.6,0.594,1.5,16.4,0.275,0.723,0.492,0.147,0.457,0.503,94.85,0.491,10,New Jersey Nets
8,42001,1610612753,Orlando Magic,4,1,3,0.25,202.0,98.5,103.4,-4.9,0.586,1.63,15.8,0.208,0.659,0.441,0.126,0.451,0.509,90.6,0.458,10,Orlando Magic
9,42001,1610612755,Philadelphia 76ers,5,2,3,0.4,240.0,99.5,109.2,-9.7,0.638,1.35,16.0,0.299,0.765,0.518,0.161,0.44,0.508,89.52,0.458,10,Philadelphia 76ers
10,42001,1610612757,Portland Trail Blazers,3,0,3,0.0,144.0,94.3,104.1,-9.8,0.66,1.41,16.0,0.269,0.774,0.512,0.151,0.423,0.485,94.85,0.44,10,Portland Trail Blazers
11,42001,1610612758,Sacramento Kings,16,10,6,0.625,778.0,103.7,100.6,3.2,0.558,1.4,15.7,0.294,0.696,0.501,0.151,0.478,0.529,96.58,0.527,10,Sacramento Kings
12,42001,1610612759,San Antonio Spurs,10,4,6,0.4,480.0,103.6,99.5,4.2,0.514,1.52,14.6,0.266,0.724,0.493,0.126,0.465,0.518,88.24,0.535,10,San Antonio Spurs
13,42001,1610612760,Seattle SuperSonics,5,2,3,0.4,240.0,98.9,111.1,-12.2,0.509,1.64,15.0,0.266,0.727,0.488,0.122,0.46,0.49,86.98,0.414,10,Seattle SuperSonics
14,42001,1610612761,Toronto Raptors,5,2,3,0.4,240.0,93.3,99.3,-6.0,0.644,1.31,17.0,0.321,0.743,0.537,0.178,0.444,0.486,88.55,0.496,10,Toronto Raptors
15,42001,1610612762,Utah Jazz,4,1,3,0.25,192.0,95.0,97.1,-2.1,0.697,1.39,17.6,0.337,0.691,0.504,0.178,0.437,0.482,92.17,0.508,10,Utah Jazz
0,42002,1610612738,Boston Celtics,10,4,6,0.4,495.0,98.9,99.1,-0.2,0.62,1.4,16.5,0.208,0.73,0.473,0.155,0.477,0.528,92.97,0.489,10,Boston Celtics
1,42002,1610612742,Dallas Mavericks,20,10,10,0.5,970.0,107.7,108.4,-0.7,0.527,1.63,15.9,0.25,0.704,0.475,0.129,0.503,0.546,95.63,0.48,10,Dallas Mavericks
2,42002,1610612765,Detroit Pistons,17,8,9,0.471,826.0,100.0,98.7,1.3,0.588,1.32,15.0,0.255,0.706,0.475,0.149,0.455,0.515,89.02,0.51,10,Detroit Pistons
3,42002,1610612754,Indiana Pacers,6,2,4,0.333,293.0,98.1,104.2,-6.1,0.657,1.4,15.7,0.294,0.792,0.536,0.152,0.422,0.496,91.37,0.478,10,Indiana Pacers
4,42002,1610612747,Los Angeles Lakers,12,6,6,0.5,581.0,104.2,104.6,-0.4,0.56,1.52,16.2,0.279,0.762,0.51,0.143,0.491,0.529,95.08,0.487,10,Los Angeles Lakers
5,42002,1610612749,Milwaukee Bucks,6,2,4,0.333,293.0,102.5,108.2,-5.6,0.553,1.51,16.3,0.21,0.653,0.436,0.14,0.499,0.541,93.32,0.462,10,Milwaukee Bucks
6,42002,1610612750,Minnesota Timberwolves,6,2,4,0.333,293.0,101.1,108.2,-7.1,0.587,1.39,16.9,0.226,0.709,0.489,0.159,0.492,0.544,97.35,0.476,10,Minnesota Timberwolves
7,42002,1610612751,New Jersey Nets,20,14,6,0.7,975.0,99.5,96.3,3.2,0.623,1.4,16.5,0.309,0.767,0.531,0.162,0.453,0.506,92.49,0.515,10,New Jersey Nets
8,42002,1610612740,New Orleans Hornets,6,2,4,0.333,288.0,102.4,104.8,-2.4,0.591,1.36,16.3,0.315,0.685,0.5,0.162,0.479,0.526,90.39,0.478,10,New Orleans Hornets
9,42002,1610612753,Orlando Magic,7,3,4,0.429,336.0,97.2,103.7,-6.5,0.516,1.05,13.8,0.247,0.692,0.473,0.17,0.459,0.517,90.78,0.419,10,Orlando Magic
10,42002,1610612755,Philadelphia 76ers,12,6,6,0.5,586.0,102.1,101.9,0.2,0.562,1.28,15.6,0.313,0.723,0.524,0.164,0.468,0.527,88.31,0.519,10,Philadelphia 76ers
11,42002,1610612756,Phoenix Suns,6,2,4,0.333,293.0,88.5,94.7,-6.2,0.5,1.0,12.9,0.278,0.674,0.467,0.168,0.414,0.456,94.29,0.401,10,Phoenix Suns
12,42002,1610612757,Portland Trail Blazers,7,3,4,0.429,336.0,111.7,110.9,0.8,0.639,1.7,18.1,0.363,0.727,0.544,0.151,0.501,0.551,90.54,0.515,10,Portland Trail Blazers
13,42002,1610612758,Sacramento Kings,12,7,5,0.583,586.0,109.1,106.1,3.0,0.575,1.68,16.8,0.293,0.707,0.502,0.136,0.499,0.549,97.51,0.521,10,Sacramento Kings
14,42002,1610612759,San Antonio Spurs,24,16,8,0.667,1157.0,101.6,94.7,6.9,0.612,1.36,16.4,0.286,0.734,0.519,0.163,0.476,0.525,93.41,0.572,10,San Antonio Spurs
15,42002,1610612762,Utah Jazz,5,1,4,0.2,240.0,99.6,112.6,-13.0,0.621,1.28,16.4,0.354,0.653,0.501,0.176,0.446,0.511,92.7,0.438,10,Utah Jazz
0,42003,1610612738,Boston Celtics,4,0,4,0.0,192.0,91.0,106.6,-15.6,0.609,0.89,14.6,0.231,0.722,0.488,0.213,0.445,0.513,93.95,0.403,10,Boston Celtics
1,42003,1610612742,Dallas Mavericks,5,1,4,0.2,240.0,99.6,99.5,0.1,0.539,1.51,14.6,0.367,0.716,0.522,0.136,0.422,0.466,99.32,0.481,10,Dallas Mavericks
2,42003,1610612743,Denver Nuggets,5,1,4,0.2,240.0,96.0,100.7,-4.7,0.548,1.44,15.8,0.317,0.758,0.518,0.15,0.452,0.479,94.16,0.458,10,Denver Nuggets
3,42003,1610612765,Detroit Pistons,23,16,7,0.696,1124.0,96.4,89.4,7.1,0.619,1.31,15.9,0.302,0.746,0.525,0.165,0.439,0.493,88.68,0.567,10,Detroit Pistons
4,42003,1610612745,Houston Rockets,5,1,4,0.2,245.0,92.3,98.3,-6.0,0.541,1.02,14.5,0.24,0.777,0.524,0.183,0.458,0.501,89.71,0.445,10,Houston Rockets
5,42003,1610612754,Indiana Pacers,16,10,6,0.625,768.0,96.3,91.4,4.9,0.582,1.32,15.2,0.255,0.744,0.499,0.153,0.448,0.497,88.75,0.53,10,Indiana Pacers
6,42003,1610612747,Los Angeles Lakers,22,13,9,0.591,1066.0,98.8,97.1,1.7,0.685,1.79,18.5,0.244,0.722,0.483,0.142,0.477,0.508,88.71,0.524,10,Los Angeles Lakers
7,42003,1610612763,Memphis Grizzlies,4,0,4,0.0,192.0,95.3,111.0,-15.6,0.472,1.02,13.0,0.238,0.685,0.451,0.163,0.45,0.504,87.73,0.385,10,Memphis Grizzlies
8,42003,1610612748,Miami Heat,13,6,7,0.462,624.0,94.7,94.5,0.1,0.534,1.15,14.0,0.272,0.728,0.5,0.159,0.433,0.489,88.8,0.488,10,Miami Heat
9,42003,1610612749,Milwaukee Bucks,5,1,4,0.2,240.0,92.5,106.6,-14.1,0.636,1.26,16.6,0.258,0.683,0.464,0.177,0.447,0.49,92.3,0.399,10,Milwaukee Bucks
10,42003,1610612750,Minnesota Timberwolves,18,10,8,0.556,869.0,99.3,99.2,0.1,0.568,1.29,15.9,0.242,0.733,0.5,0.162,0.479,0.527,92.16,0.492,10,Minnesota Timberwolves
11,42003,1610612751,New Jersey Nets,11,7,4,0.636,543.0,93.8,90.8,2.9,0.664,1.1,16.3,0.265,0.72,0.505,0.197,0.454,0.512,91.6,0.533,10,New Jersey Nets
12,42003,1610612740,New Orleans Hornets,7,3,4,0.429,336.0,89.3,93.3,-4.0,0.659,1.13,15.8,0.285,0.714,0.497,0.19,0.422,0.472,89.94,0.492,10,New Orleans Hornets
13,42003,1610612752,New York Knicks,4,0,4,0.0,192.0,88.3,100.8,-12.5,0.634,1.2,15.4,0.263,0.739,0.47,0.171,0.411,0.461,95.53,0.361,10,New York Knicks
14,42003,1610612758,Sacramento Kings,12,7,5,0.583,581.0,97.8,98.2,-0.4,0.648,1.59,17.4,0.248,0.693,0.479,0.147,0.46,0.507,96.2,0.518,10,Sacramento Kings
15,42003,1610612759,San Antonio Spurs,10,6,4,0.6,480.0,99.6,97.2,2.5,0.579,1.25,16.0,0.301,0.771,0.526,0.173,0.485,0.515,89.17,0.507,10,San Antonio Spurs
0,42004,1610612738,Boston Celtics,7,3,4,0.429,341.0,98.2,97.9,0.4,0.504,1.08,14.3,0.262,0.736,0.5,0.171,0.475,0.52,88.44,0.483,10,Boston Celtics
1,42004,1610612741,Chicago Bulls,6,2,4,0.333,288.0,103.1,104.7,-1.5,0.61,1.43,16.0,0.3,0.703,0.493,0.153,0.472,0.521,99.53,0.467,10,Chicago Bulls
2,42004,1610612742,Dallas Mavericks,13,6,7,0.462,629.0,110.2,111.9,-1.7,0.459,1.33,13.7,0.325,0.701,0.507,0.138,0.492,0.544,94.67,0.486,10,Dallas Mavericks
3,42004,1610612743,Denver Nuggets,5,1,4,0.2,245.0,95.2,104.9,-9.7,0.5,1.26,13.5,0.231,0.734,0.469,0.137,0.431,0.49,93.32,0.421,10,Denver Nuggets
4,42004,1610612765,Detroit Pistons,25,15,10,0.6,1210.0,101.8,97.1,4.7,0.593,1.68,16.8,0.298,0.748,0.519,0.137,0.466,0.508,87.73,0.547,10,Detroit Pistons
5,42004,1610612745,Houston Rockets,7,3,4,0.429,336.0,108.3,112.0,-3.7,0.514,1.26,15.2,0.278,0.668,0.477,0.159,0.513,0.564,89.82,0.488,10,Houston Rockets
6,42004,1610612754,Indiana Pacers,13,6,7,0.462,629.0,94.6,98.7,-4.1,0.624,1.19,15.3,0.264,0.716,0.489,0.17,0.434,0.496,87.71,0.475,10,Indiana Pacers
7,42004,1610612763,Memphis Grizzlies,4,0,4,0.0,192.0,109.0,121.6,-12.5,0.506,1.95,16.5,0.266,0.725,0.479,0.114,0.517,0.539,93.9,0.422,10,Memphis Grizzlies
8,42004,1610612748,Miami Heat,15,11,4,0.733,730.0,105.0,99.6,5.4,0.526,1.23,15.7,0.225,0.731,0.506,0.164,0.533,0.568,92.47,0.546,10,Miami Heat
9,42004,1610612751,New Jersey Nets,4,0,4,0.0,202.0,98.2,111.5,-13.3,0.634,1.63,16.0,0.265,0.773,0.489,0.132,0.432,0.491,93.48,0.404,10,New Jersey Nets
10,42004,1610612755,Philadelphia 76ers,5,1,4,0.2,245.0,98.9,106.0,-7.0,0.569,1.55,16.3,0.231,0.696,0.447,0.139,0.479,0.513,90.61,0.431,10,Philadelphia 76ers
11,42004,1610612756,Phoenix Suns,15,9,6,0.6,725.0,115.5,110.4,5.1,0.49,1.59,15.8,0.292,0.684,0.497,0.133,0.544,0.582,96.61,0.531,10,Phoenix Suns
12,42004,1610612758,Sacramento Kings,5,1,4,0.2,240.0,107.3,113.8,-6.5,0.526,1.8,15.7,0.304,0.639,0.457,0.118,0.479,0.527,94.45,0.447,10,Sacramento Kings
13,42004,1610612759,San Antonio Spurs,23,16,7,0.696,1114.0,106.5,102.4,4.1,0.53,1.27,15.1,0.311,0.714,0.517,0.16,0.5,0.546,89.87,0.525,10,San Antonio Spurs
14,42004,1610612760,Seattle SuperSonics,11,6,5,0.545,528.0,108.1,108.1,-0.1,0.456,1.17,13.5,0.333,0.692,0.518,0.152,0.489,0.547,91.96,0.497,10,Seattle SuperSonics
15,42004,1610612764,Washington Wizards,10,4,6,0.4,480.0,102.2,105.2,-3.0,0.49,1.26,13.4,0.289,0.705,0.492,0.139,0.459,0.515,98.04,0.484,10,Washington Wizards
0,42005,1610612741,Chicago Bulls,6,2,4,0.333,288.0,101.7,105.2,-3.5,0.539,1.16,14.8,0.216,0.732,0.477,0.164,0.497,0.548,96.5,0.474,10,Chicago Bulls
1,42005,1610612739,Cleveland Cavaliers,13,7,6,0.538,634.0,100.7,104.4,-3.7,0.481,1.12,13.6,0.307,0.721,0.515,0.161,0.465,0.515,88.24,0.475,10,Cleveland Cavaliers
2,42005,1610612742,Dallas Mavericks,23,14,9,0.609,1124.0,107.1,103.5,3.7,0.422,1.19,12.7,0.292,0.777,0.527,0.138,0.481,0.54,91.11,0.517,10,Dallas Mavericks
3,42005,1610612743,Denver Nuggets,5,1,4,0.2,240.0,91.8,99.9,-8.1,0.607,1.68,15.3,0.292,0.768,0.496,0.124,0.397,0.449,95.14,0.427,10,Denver Nuggets
4,42005,1610612765,Detroit Pistons,18,10,8,0.556,864.0,104.9,101.8,3.1,0.581,1.57,15.9,0.279,0.726,0.494,0.136,0.478,0.528,87.15,0.518,10,Detroit Pistons
5,42005,1610612754,Indiana Pacers,6,2,4,0.333,288.0,99.5,105.6,-6.1,0.572,1.13,15.4,0.232,0.734,0.495,0.176,0.49,0.543,88.92,0.455,10,Indiana Pacers
6,42005,1610612746,Los Angeles Clippers,12,7,5,0.583,586.0,108.9,104.4,4.5,0.523,1.34,16.1,0.286,0.759,0.542,0.16,0.519,0.571,95.64,0.528,10,Los Angeles Clippers
7,42005,1610612747,Los Angeles Lakers,7,3,4,0.429,346.0,103.1,111.5,-8.4,0.455,1.14,13.6,0.268,0.847,0.544,0.154,0.497,0.538,94.07,0.442,10,Los Angeles Lakers
8,42005,1610612763,Memphis Grizzlies,4,0,4,0.0,197.0,97.2,111.8,-14.6,0.467,0.88,12.9,0.22,0.654,0.443,0.185,0.479,0.534,85.05,0.387,10,Memphis Grizzlies
9,42005,1610612748,Miami Heat,23,16,7,0.696,1109.0,104.6,99.4,5.2,0.502,1.13,14.7,0.246,0.766,0.518,0.169,0.525,0.559,92.13,0.541,10,Miami Heat
10,42005,1610612749,Milwaukee Bucks,5,1,4,0.2,240.0,105.8,119.4,-13.6,0.556,1.59,17.0,0.266,0.706,0.479,0.143,0.504,0.545,90.99,0.422,10,Milwaukee Bucks
11,42005,1610612751,New Jersey Nets,11,5,6,0.455,528.0,104.3,104.9,-0.5,0.645,1.74,18.1,0.249,0.776,0.501,0.141,0.487,0.538,90.46,0.501,10,New Jersey Nets
12,42005,1610612756,Phoenix Suns,20,10,10,0.5,980.0,111.2,109.5,1.7,0.584,2.03,18.4,0.19,0.697,0.447,0.12,0.538,0.579,94.66,0.516,10,Phoenix Suns
13,42005,1610612758,Sacramento Kings,6,2,4,0.333,293.0,106.4,116.3,-9.9,0.442,1.18,12.9,0.29,0.75,0.497,0.142,0.477,0.536,90.14,0.41,10,Sacramento Kings
14,42005,1610612759,San Antonio Spurs,13,7,6,0.538,639.0,110.9,108.8,2.2,0.479,1.31,14.7,0.226,0.711,0.484,0.143,0.533,0.587,90.63,0.539,10,San Antonio Spurs
15,42005,1610612764,Washington Wizards,6,2,4,0.333,298.0,107.4,104.9,2.5,0.495,1.36,14.2,0.267,0.683,0.469,0.136,0.488,0.545,92.51,0.506,10,Washington Wizards
0,42006,1610612741,Chicago Bulls,10,6,4,0.6,480.0,100.1,99.6,0.6,0.634,1.35,16.5,0.285,0.73,0.51,0.166,0.469,0.522,91.99,0.523,10,Chicago Bulls
1,42006,1610612739,Cleveland Cavaliers,20,12,8,0.6,970.0,99.9,97.2,2.8,0.545,1.35,14.8,0.286,0.766,0.525,0.146,0.456,0.506,88.11,0.514,10,Cleveland Cavaliers
2,42006,1610612742,Dallas Mavericks,6,2,4,0.333,288.0,102.2,110.4,-8.2,0.522,1.09,13.9,0.319,0.719,0.516,0.169,0.466,0.524,95.8,0.475,10,Dallas Mavericks
3,42006,1610612743,Denver Nuggets,5,1,4,0.2,240.0,97.1,104.3,-7.2,0.524,1.16,14.5,0.316,0.717,0.519,0.167,0.452,0.498,90.58,0.452,10,Denver Nuggets
4,42006,1610612765,Detroit Pistons,16,10,6,0.625,778.0,102.6,98.6,4.0,0.616,1.51,16.6,0.287,0.709,0.497,0.149,0.468,0.522,88.24,0.529,10,Detroit Pistons
5,42006,1610612744,Golden State Warriors,11,5,6,0.455,533.0,108.7,105.4,3.3,0.47,1.15,13.6,0.255,0.639,0.44,0.152,0.518,0.563,97.87,0.482,10,Golden State Warriors
6,42006,1610612745,Houston Rockets,7,3,4,0.429,336.0,98.1,99.6,-1.6,0.611,1.22,15.5,0.243,0.75,0.502,0.167,0.46,0.52,89.87,0.481,10,Houston Rockets
7,42006,1610612747,Los Angeles Lakers,5,1,4,0.2,240.0,101.6,110.4,-8.8,0.379,0.95,11.5,0.314,0.749,0.515,0.158,0.479,0.513,97.35,0.392,10,Los Angeles Lakers
8,42006,1610612748,Miami Heat,4,0,4,0.0,192.0,94.9,105.6,-10.6,0.534,1.2,14.9,0.196,0.743,0.46,0.158,0.482,0.512,94.0,0.395,10,Miami Heat
9,42006,1610612751,New Jersey Nets,12,6,6,0.5,576.0,99.0,97.8,1.2,0.706,1.43,18.7,0.218,0.764,0.496,0.177,0.497,0.539,90.72,0.525,10,New Jersey Nets
10,42006,1610612753,Orlando Magic,4,0,4,0.0,192.0,99.7,112.8,-13.1,0.522,1.22,15.3,0.283,0.712,0.5,0.167,0.495,0.519,87.15,0.418,10,Orlando Magic
11,42006,1610612756,Phoenix Suns,11,6,5,0.545,528.0,107.1,103.3,3.9,0.599,1.69,18.0,0.234,0.716,0.487,0.142,0.52,0.562,96.57,0.556,10,Phoenix Suns
12,42006,1610612759,San Antonio Spurs,20,16,4,0.8,960.0,105.3,100.0,5.3,0.563,1.43,16.4,0.264,0.724,0.499,0.153,0.508,0.547,91.26,0.531,10,San Antonio Spurs
13,42006,1610612761,Toronto Raptors,6,2,4,0.333,288.0,98.7,105.0,-6.3,0.497,1.1,14.0,0.19,0.763,0.482,0.159,0.478,0.536,91.81,0.454,10,Toronto Raptors
14,42006,1610612762,Utah Jazz,17,9,8,0.529,821.0,103.5,104.0,-0.6,0.609,1.39,17.1,0.314,0.761,0.537,0.169,0.486,0.534,93.35,0.514,10,Utah Jazz
15,42006,1610612764,Washington Wizards,4,0,4,0.0,192.0,100.5,110.4,-9.9,0.547,2.14,15.6,0.219,0.677,0.427,0.096,0.45,0.494,90.94,0.416,10,Washington Wizards
0,42007,1610612737,Atlanta Hawks,7,3,4,0.429,336.0,97.5,111.6,-14.1,0.595,1.1,14.7,0.305,0.673,0.493,0.177,0.439,0.512,89.12,0.417,10,Atlanta Hawks
1,42007,1610612738,Boston Celtics,26,16,10,0.615,1248.0,106.2,99.8,6.4,0.64,1.68,17.8,0.295,0.746,0.524,0.145,0.487,0.541,88.74,0.548,10,Boston Celtics
2,42007,1610612739,Cleveland Cavaliers,13,7,6,0.538,624.0,101.0,99.5,1.5,0.649,1.46,16.7,0.291,0.752,0.517,0.156,0.465,0.517,88.62,0.512,10,Cleveland Cavaliers
3,42007,1610612742,Dallas Mavericks,5,1,4,0.2,240.0,105.4,114.9,-9.5,0.614,1.67,15.8,0.317,0.755,0.524,0.13,0.447,0.511,89.35,0.441,10,Dallas Mavericks
4,42007,1610612743,Denver Nuggets,4,0,4,0.0,192.0,102.3,113.2,-11.0,0.49,1.28,13.8,0.346,0.741,0.534,0.146,0.452,0.501,100.3,0.412,10,Denver Nuggets
5,42007,1610612765,Detroit Pistons,17,10,7,0.588,816.0,104.7,102.1,2.6,0.606,1.59,17.3,0.277,0.687,0.479,0.148,0.485,0.538,87.29,0.526,10,Detroit Pistons
6,42007,1610612745,Houston Rockets,6,2,4,0.333,288.0,100.0,104.9,-4.9,0.482,1.43,13.3,0.298,0.693,0.491,0.123,0.446,0.488,87.16,0.466,10,Houston Rockets
7,42007,1610612747,Los Angeles Lakers,21,14,7,0.667,1013.0,106.8,104.8,2.0,0.565,1.56,16.5,0.222,0.711,0.477,0.139,0.512,0.56,95.32,0.516,10,Los Angeles Lakers
8,42007,1610612740,New Orleans Hornets,12,7,5,0.583,576.0,109.1,104.8,4.3,0.512,2.18,16.3,0.242,0.732,0.49,0.1,0.499,0.537,88.57,0.53,10,New Orleans Hornets
9,42007,1610612753,Orlando Magic,10,5,5,0.5,480.0,109.2,105.1,4.1,0.492,1.2,14.7,0.29,0.75,0.524,0.163,0.529,0.564,89.87,0.494,10,Orlando Magic
10,42007,1610612755,Philadelphia 76ers,6,2,4,0.333,288.0,96.2,104.9,-8.6,0.508,1.07,13.4,0.339,0.67,0.498,0.166,0.43,0.488,88.86,0.439,10,Philadelphia 76ers
11,42007,1610612756,Phoenix Suns,5,1,4,0.2,250.0,101.6,103.6,-1.9,0.495,1.52,14.8,0.219,0.763,0.488,0.126,0.492,0.524,94.86,0.503,10,Phoenix Suns
12,42007,1610612759,San Antonio Spurs,17,9,8,0.529,826.0,101.6,102.6,-1.1,0.573,1.59,16.7,0.214,0.776,0.495,0.138,0.493,0.529,91.44,0.487,10,San Antonio Spurs
13,42007,1610612761,Toronto Raptors,5,1,4,0.2,240.0,105.5,114.3,-8.8,0.645,2.4,18.7,0.231,0.697,0.463,0.106,0.484,0.528,92.63,0.474,10,Toronto Raptors
14,42007,1610612762,Utah Jazz,12,6,6,0.5,581.0,107.4,106.8,0.6,0.588,1.66,16.7,0.334,0.737,0.528,0.14,0.481,0.528,91.72,0.5,10,Utah Jazz
15,42007,1610612764,Washington Wizards,6,2,4,0.333,288.0,101.7,105.3,-3.6,0.49,1.27,13.5,0.234,0.678,0.454,0.136,0.466,0.524,90.63,0.462,10,Washington Wizards
0,42008,1610612737,Atlanta Hawks,11,4,7,0.364,528.0,98.3,107.9,-9.6,0.562,1.4,14.9,0.261,0.698,0.461,0.141,0.45,0.499,84.94,0.432,10,Atlanta Hawks
1,42008,1610612738,Boston Celtics,14,7,7,0.5,707.0,103.9,102.9,1.1,0.613,1.68,17.4,0.251,0.778,0.509,0.139,0.485,0.535,93.91,0.51,10,Boston Celtics
2,42008,1610612741,Chicago Bulls,7,3,4,0.429,371.0,102.2,107.6,-5.4,0.517,1.23,14.6,0.243,0.732,0.502,0.152,0.483,0.54,95.38,0.476,10,Chicago Bulls
3,42008,1610612739,Cleveland Cavaliers,14,10,4,0.714,677.0,108.3,100.4,7.9,0.55,1.55,16.0,0.276,0.783,0.537,0.137,0.507,0.556,88.74,0.562,10,Cleveland Cavaliers
4,42008,1610612742,Dallas Mavericks,10,5,5,0.5,480.0,110.4,111.4,-0.9,0.508,1.39,15.2,0.247,0.774,0.522,0.141,0.518,0.576,92.02,0.503,10,Dallas Mavericks
5,42008,1610612743,Denver Nuggets,16,10,6,0.625,768.0,114.1,104.5,9.6,0.607,1.87,17.7,0.264,0.747,0.503,0.128,0.526,0.579,94.82,0.555,10,Denver Nuggets
6,42008,1610612765,Detroit Pistons,4,0,4,0.0,192.0,89.5,110.5,-20.9,0.524,1.47,14.8,0.197,0.732,0.456,0.129,0.429,0.468,85.89,0.35,10,Detroit Pistons
7,42008,1610612745,Houston Rockets,13,7,6,0.538,624.0,101.3,104.6,-3.3,0.5,1.19,14.5,0.248,0.737,0.5,0.158,0.49,0.533,89.54,0.49,10,Houston Rockets
8,42008,1610612747,Los Angeles Lakers,23,16,7,0.696,1114.0,108.3,100.7,7.6,0.518,1.49,15.5,0.271,0.738,0.507,0.138,0.508,0.553,93.68,0.54,10,Los Angeles Lakers
9,42008,1610612748,Miami Heat,7,3,4,0.429,336.0,104.8,101.7,3.1,0.479,1.12,13.9,0.252,0.731,0.509,0.16,0.501,0.554,84.95,0.523,10,Miami Heat
10,42008,1610612740,New Orleans Hornets,5,1,4,0.2,240.0,91.8,117.8,-26.0,0.568,0.86,13.5,0.224,0.735,0.47,0.201,0.439,0.51,91.88,0.332,10,New Orleans Hornets
11,42008,1610612753,Orlando Magic,24,13,11,0.542,1167.0,105.2,101.9,3.3,0.547,1.43,15.8,0.216,0.772,0.495,0.143,0.513,0.555,91.58,0.517,10,Orlando Magic
12,42008,1610612755,Philadelphia 76ers,6,2,4,0.333,288.0,97.5,107.2,-9.7,0.525,1.22,15.3,0.213,0.742,0.483,0.162,0.492,0.526,90.22,0.444,10,Philadelphia 76ers
13,42008,1610612757,Portland Trail Blazers,6,2,4,0.333,288.0,103.0,106.3,-3.3,0.44,1.29,13.4,0.237,0.761,0.476,0.134,0.484,0.524,85.84,0.456,10,Portland Trail Blazers
14,42008,1610612759,San Antonio Spurs,5,1,4,0.2,240.0,102.9,110.6,-7.7,0.457,1.45,14.2,0.213,0.766,0.476,0.125,0.495,0.528,87.51,0.433,10,San Antonio Spurs
15,42008,1610612762,Utah Jazz,5,1,4,0.2,240.0,101.8,111.1,-9.3,0.726,1.74,18.9,0.304,0.735,0.511,0.153,0.463,0.517,95.82,0.469,10,Utah Jazz
0,42009,1610612737,Atlanta Hawks,11,4,7,0.364,528.0,101.6,108.3,-6.7,0.484,1.4,13.9,0.298,0.724,0.494,0.133,0.453,0.501,88.49,0.453,10,Atlanta Hawks
1,42009,1610612738,Boston Celtics,24,15,9,0.625,1157.0,101.9,99.3,2.6,0.616,1.52,17.3,0.231,0.746,0.496,0.151,0.491,0.539,91.54,0.535,10,Boston Celtics
2,42009,1610612766,Charlotte Bobcats,4,0,4,0.0,192.0,96.4,109.6,-13.2,0.648,1.31,17.2,0.23,0.752,0.492,0.175,0.477,0.523,87.58,0.447,10,Charlotte Bobcats
3,42009,1610612741,Chicago Bulls,5,1,4,0.2,240.0,101.6,112.7,-11.1,0.503,1.9,15.2,0.25,0.77,0.498,0.105,0.457,0.504,94.81,0.442,10,Chicago Bulls
4,42009,1610612739,Cleveland Cavaliers,11,6,5,0.545,528.0,106.0,103.7,2.3,0.604,1.41,17.0,0.221,0.757,0.496,0.158,0.517,0.568,94.93,0.515,10,Cleveland Cavaliers
5,42009,1610612742,Dallas Mavericks,6,2,4,0.333,288.0,102.5,103.4,-0.9,0.544,1.42,15.3,0.281,0.74,0.512,0.143,0.468,0.518,90.43,0.499,10,Dallas Mavericks
6,42009,1610612743,Denver Nuggets,6,2,4,0.333,288.0,111.5,112.3,-0.8,0.513,1.4,15.0,0.258,0.769,0.507,0.139,0.517,0.577,98.21,0.479,10,Denver Nuggets
7,42009,1610612747,Los Angeles Lakers,23,16,7,0.696,1104.0,109.5,105.1,4.4,0.526,1.57,15.8,0.309,0.724,0.518,0.135,0.502,0.546,92.4,0.523,10,Los Angeles Lakers
8,42009,1610612748,Miami Heat,5,1,4,0.2,240.0,93.4,103.7,-10.3,0.524,0.99,14.6,0.226,0.792,0.487,0.19,0.479,0.513,93.08,0.402,10,Miami Heat
9,42009,1610612749,Milwaukee Bucks,7,3,4,0.429,336.0,100.5,106.7,-6.2,0.483,1.31,13.9,0.279,0.669,0.478,0.139,0.465,0.51,88.71,0.455,10,Milwaukee Bucks
10,42009,1610612760,Oklahoma City Thunder,6,2,4,0.333,288.0,100.3,102.3,-2.0,0.527,1.29,13.3,0.267,0.736,0.5,0.134,0.426,0.506,93.46,0.485,10,Oklahoma City Thunder
11,42009,1610612753,Orlando Magic,14,10,4,0.714,677.0,109.1,97.5,11.6,0.514,1.23,14.7,0.248,0.773,0.519,0.155,0.533,0.574,88.65,0.56,10,Orlando Magic
12,42009,1610612756,Phoenix Suns,16,10,6,0.625,768.0,114.1,110.0,4.1,0.548,1.66,16.6,0.274,0.726,0.504,0.134,0.536,0.582,93.53,0.515,10,Phoenix Suns
13,42009,1610612757,Portland Trail Blazers,6,2,4,0.333,288.0,104.1,113.4,-9.3,0.591,1.77,16.3,0.265,0.71,0.478,0.123,0.471,0.522,90.21,0.447,10,Portland Trail Blazers
14,42009,1610612759,San Antonio Spurs,10,4,6,0.4,480.0,103.6,106.8,-3.3,0.527,1.51,15.7,0.24,0.736,0.489,0.137,0.494,0.533,92.97,0.49,10,San Antonio Spurs
15,42009,1610612762,Utah Jazz,10,4,6,0.4,480.0,110.9,114.0,-3.0,0.625,1.8,18.1,0.265,0.71,0.485,0.137,0.52,0.568,96.23,0.49,10,Utah Jazz
0,42010,1610612737,Atlanta Hawks,12,6,6,0.5,576.0,97.0,102.5,-5.5,0.549,1.46,15.6,0.229,0.706,0.469,0.14,0.464,0.505,88.65,0.47,10,Atlanta Hawks
1,42010,1610612738,Boston Celtics,9,5,4,0.556,437.0,102.3,100.5,1.8,0.587,1.34,17.2,0.236,0.721,0.491,0.169,0.514,0.552,91.63,0.529,10,Boston Celtics
2,42010,1610612741,Chicago Bulls,16,9,7,0.563,773.0,101.6,98.2,3.4,0.592,1.48,16.2,0.323,0.761,0.537,0.15,0.461,0.51,89.84,0.524,10,Chicago Bulls
3,42010,1610612742,Dallas Mavericks,21,16,5,0.762,1013.0,110.1,103.4,6.7,0.584,1.56,16.9,0.251,0.717,0.489,0.145,0.519,0.571,88.91,0.536,10,Dallas Mavericks
4,42010,1610612743,Denver Nuggets,5,1,4,0.2,240.0,99.8,106.3,-6.6,0.54,1.44,14.4,0.172,0.708,0.441,0.125,0.468,0.525,96.89,0.457,10,Denver Nuggets
5,42010,1610612754,Indiana Pacers,5,1,4,0.2,240.0,96.8,103.3,-6.5,0.488,1.05,13.1,0.291,0.632,0.453,0.163,0.445,0.496,93.8,0.427,10,Indiana Pacers
6,42010,1610612747,Los Angeles Lakers,10,4,6,0.4,480.0,105.3,106.0,-0.7,0.545,1.51,15.8,0.308,0.788,0.533,0.141,0.477,0.526,88.81,0.486,10,Los Angeles Lakers
7,42010,1610612763,Memphis Grizzlies,13,7,6,0.538,649.0,101.7,104.0,-2.3,0.514,1.44,14.7,0.281,0.722,0.496,0.135,0.46,0.512,92.56,0.493,10,Memphis Grizzlies
8,42010,1610612748,Miami Heat,21,14,7,0.667,1018.0,104.0,100.3,3.6,0.505,1.19,14.2,0.26,0.754,0.513,0.155,0.485,0.542,88.63,0.526,10,Miami Heat
9,42010,1610612740,New Orleans Hornets,6,2,4,0.333,288.0,101.1,110.8,-9.7,0.614,1.57,17.4,0.212,0.677,0.451,0.145,0.488,0.537,87.73,0.452,10,New Orleans Hornets
10,42010,1610612752,New York Knicks,4,0,4,0.0,192.0,95.9,104.2,-8.3,0.523,1.1,13.3,0.307,0.693,0.478,0.161,0.435,0.483,94.95,0.406,10,New York Knicks
11,42010,1610612760,Oklahoma City Thunder,17,9,8,0.529,841.0,106.9,103.3,3.6,0.5,1.15,13.9,0.313,0.744,0.535,0.161,0.482,0.548,93.73,0.516,10,Oklahoma City Thunder
12,42010,1610612753,Orlando Magic,6,2,4,0.333,288.0,99.5,96.6,2.9,0.468,1.13,12.6,0.289,0.766,0.524,0.144,0.449,0.503,89.46,0.51,10,Orlando Magic
13,42010,1610612755,Philadelphia 76ers,5,1,4,0.2,240.0,97.0,107.7,-10.7,0.604,1.92,17.0,0.239,0.691,0.462,0.119,0.453,0.485,88.26,0.445,10,Philadelphia 76ers
14,42010,1610612757,Portland Trail Blazers,6,2,4,0.333,288.0,103.8,109.8,-6.1,0.513,1.48,15.3,0.244,0.715,0.487,0.135,0.487,0.534,84.96,0.477,10,Portland Trail Blazers
15,42010,1610612759,San Antonio Spurs,6,2,4,0.333,293.0,100.5,103.1,-2.6,0.53,1.24,14.6,0.236,0.768,0.496,0.153,0.471,0.526,92.63,0.485,10,San Antonio Spurs
0,42011,1610612737,Atlanta Hawks,6,2,4,0.333,293.0,89.5,95.0,-5.5,0.55,1.14,14.7,0.226,0.823,0.508,0.167,0.438,0.475,90.01,0.43,10,Atlanta Hawks
1,42011,1610612738,Boston Celtics,20,11,9,0.55,975.0,97.6,97.1,0.5,0.586,1.52,16.6,0.201,0.751,0.486,0.142,0.468,0.516,90.02,0.521,10,Boston Celtics
2,42011,1610612741,Chicago Bulls,6,2,4,0.333,288.0,92.0,96.5,-4.5,0.662,1.57,17.9,0.268,0.782,0.532,0.156,0.448,0.475,90.38,0.498,10,Chicago Bulls
3,42011,1610612742,Dallas Mavericks,4,0,4,0.0,192.0,99.4,107.8,-8.3,0.492,1.07,12.9,0.247,0.805,0.508,0.155,0.455,0.519,93.17,0.446,10,Dallas Mavericks
4,42011,1610612743,Denver Nuggets,7,3,4,0.429,336.0,103.0,103.9,-1.0,0.543,1.87,16.0,0.33,0.667,0.502,0.119,0.46,0.492,93.29,0.496,10,Denver Nuggets
5,42011,1610612754,Indiana Pacers,11,6,5,0.545,533.0,98.5,98.8,-0.3,0.482,1.08,13.5,0.298,0.752,0.527,0.163,0.461,0.507,90.61,0.505,10,Indiana Pacers
6,42011,1610612746,Los Angeles Clippers,11,4,7,0.364,533.0,99.1,103.5,-4.4,0.501,1.17,14.7,0.222,0.71,0.467,0.161,0.499,0.53,91.14,0.464,10,Los Angeles Clippers
7,42011,1610612747,Los Angeles Lakers,12,5,7,0.417,576.0,102.3,106.5,-4.2,0.536,1.51,15.1,0.31,0.697,0.5,0.136,0.454,0.502,92.06,0.476,10,Los Angeles Lakers
8,42011,1610612763,Memphis Grizzlies,7,3,4,0.429,341.0,99.6,99.3,0.3,0.5,1.06,13.4,0.326,0.759,0.536,0.168,0.449,0.509,90.25,0.505,10,Memphis Grizzlies
9,42011,1610612748,Miami Heat,23,16,7,0.696,1114.0,106.9,98.5,8.4,0.5,1.34,14.7,0.261,0.74,0.507,0.143,0.505,0.552,90.54,0.562,10,Miami Heat
10,42011,1610612752,New York Knicks,5,1,4,0.2,240.0,93.0,108.2,-15.1,0.412,0.68,11.1,0.301,0.741,0.511,0.207,0.451,0.499,89.24,0.364,10,New York Knicks
11,42011,1610612760,Oklahoma City Thunder,20,13,7,0.65,960.0,108.9,104.3,4.6,0.484,1.56,15.0,0.236,0.747,0.496,0.124,0.508,0.558,93.08,0.533,10,Oklahoma City Thunder
12,42011,1610612753,Orlando Magic,5,1,4,0.2,245.0,92.7,103.1,-10.4,0.555,1.23,14.7,0.226,0.684,0.451,0.155,0.452,0.486,89.2,0.423,10,Orlando Magic
13,42011,1610612755,Philadelphia 76ers,13,7,6,0.538,624.0,95.7,94.7,1.0,0.566,1.57,15.3,0.239,0.768,0.489,0.129,0.436,0.482,90.68,0.479,10,Philadelphia 76ers
14,42011,1610612759,San Antonio Spurs,14,10,4,0.714,672.0,107.9,101.6,6.3,0.603,1.6,18.1,0.218,0.748,0.493,0.151,0.541,0.574,94.56,0.529,10,San Antonio Spurs
15,42011,1610612762,Utah Jazz,4,0,4,0.0,192.0,91.0,108.9,-17.9,0.511,1.24,13.1,0.32,0.807,0.537,0.142,0.395,0.443,94.35,0.387,10,Utah Jazz
0,42012,1610612737,Atlanta Hawks,6,2,4,0.333,288.0,96.4,100.1,-3.7,0.587,1.58,15.9,0.186,0.7,0.437,0.131,0.462,0.503,93.56,0.457,10,Atlanta Hawks
1,42012,1610612738,Boston Celtics,6,2,4,0.333,293.0,90.8,96.9,-6.0,0.591,0.97,14.9,0.14,0.763,0.48,0.191,0.463,0.525,89.01,0.486,10,Boston Celtics
2,42012,1610612751,Brooklyn Nets,7,3,4,0.429,351.0,104.9,102.3,2.6,0.537,1.72,15.7,0.274,0.74,0.503,0.122,0.479,0.524,90.92,0.506,10,Brooklyn Nets
3,42012,1610612741,Chicago Bulls,12,5,7,0.417,591.0,99.4,106.8,-7.4,0.557,1.37,15.8,0.284,0.745,0.507,0.154,0.472,0.511,90.07,0.45,10,Chicago Bulls
4,42012,1610612743,Denver Nuggets,6,2,4,0.333,288.0,102.4,107.7,-5.2,0.57,1.46,15.8,0.263,0.729,0.473,0.144,0.479,0.526,100.04,0.448,10,Denver Nuggets
5,42012,1610612744,Golden State Warriors,12,6,6,0.5,591.0,103.7,103.4,0.3,0.556,1.31,16.4,0.275,0.75,0.525,0.167,0.513,0.546,96.53,0.506,10,Golden State Warriors
6,42012,1610612745,Houston Rockets,6,2,4,0.333,288.0,101.9,109.2,-7.4,0.524,1.14,14.2,0.248,0.772,0.506,0.161,0.496,0.537,97.54,0.446,10,Houston Rockets
7,42012,1610612754,Indiana Pacers,19,11,8,0.579,917.0,101.3,101.6,-0.3,0.542,1.06,14.5,0.324,0.768,0.555,0.181,0.475,0.528,89.89,0.518,10,Indiana Pacers
8,42012,1610612746,Los Angeles Clippers,6,2,4,0.333,288.0,104.9,109.7,-4.8,0.512,1.35,15.4,0.243,0.733,0.496,0.148,0.506,0.552,90.76,0.459,10,Los Angeles Clippers
9,42012,1610612747,Los Angeles Lakers,4,0,4,0.0,192.0,90.6,111.0,-20.4,0.536,1.12,15.3,0.202,0.783,0.486,0.175,0.474,0.495,93.93,0.378,10,Los Angeles Lakers
10,42012,1610612763,Memphis Grizzlies,15,8,7,0.533,735.0,101.4,101.4,0.1,0.568,1.8,15.5,0.272,0.775,0.509,0.115,0.447,0.502,91.15,0.504,10,Memphis Grizzlies
11,42012,1610612748,Miami Heat,23,16,7,0.696,1114.0,107.7,99.8,7.9,0.574,1.57,17.1,0.252,0.711,0.486,0.145,0.518,0.559,89.75,0.552,10,Miami Heat
12,42012,1610612749,Milwaukee Bucks,4,0,4,0.0,192.0,91.5,108.6,-17.1,0.594,1.22,16.2,0.211,0.707,0.444,0.174,0.472,0.498,92.62,0.395,10,Milwaukee Bucks
13,42012,1610612752,New York Knicks,12,6,6,0.5,581.0,98.6,95.6,3.0,0.454,1.3,13.0,0.242,0.765,0.484,0.129,0.46,0.498,89.07,0.488,10,New York Knicks
14,42012,1610612760,Oklahoma City Thunder,11,5,6,0.455,533.0,102.5,100.2,2.3,0.52,1.33,14.6,0.23,0.76,0.498,0.142,0.479,0.534,95.56,0.511,10,Oklahoma City Thunder
15,42012,1610612759,San Antonio Spurs,21,15,6,0.714,1038.0,105.9,98.8,7.0,0.574,1.7,17.3,0.233,0.738,0.494,0.136,0.511,0.547,91.87,0.552,10,San Antonio Spurs
0,42013,1610612737,Atlanta Hawks,7,3,4,0.429,336.0,98.2,101.6,-3.3,0.557,1.24,14.0,0.204,0.762,0.466,0.144,0.456,0.515,93.04,0.451,10,Atlanta Hawks
1,42013,1610612751,Brooklyn Nets,12,5,7,0.417,576.0,108.2,109.1,-0.9,0.528,1.5,15.7,0.251,0.77,0.497,0.139,0.514,0.555,88.48,0.487,10,Brooklyn Nets
2,42013,1610612766,Charlotte Bobcats,4,0,4,0.0,192.0,99.6,109.8,-10.1,0.585,1.32,16.4,0.208,0.857,0.52,0.162,0.5,0.537,92.52,0.438,10,Charlotte Bobcats
3,42013,1610612741,Chicago Bulls,5,1,4,0.2,245.0,100.4,104.8,-4.4,0.608,1.53,16.6,0.279,0.722,0.493,0.147,0.463,0.508,88.11,0.459,10,Chicago Bulls
4,42013,1610612742,Dallas Mavericks,7,3,4,0.429,336.0,106.8,110.2,-3.4,0.489,1.68,15.2,0.264,0.766,0.495,0.121,0.5,0.532,94.17,0.47,10,Dallas Mavericks
5,42013,1610612744,Golden State Warriors,7,3,4,0.429,336.0,106.9,111.7,-4.8,0.638,1.41,17.8,0.308,0.721,0.51,0.174,0.518,0.558,99.38,0.465,10,Golden State Warriors
6,42013,1610612745,Houston Rockets,6,2,4,0.333,303.0,109.8,111.8,-1.9,0.449,1.33,13.4,0.353,0.728,0.535,0.136,0.49,0.534,95.93,0.479,10,Houston Rockets
7,42013,1610612754,Indiana Pacers,19,10,9,0.526,912.0,101.6,102.1,-0.5,0.559,1.38,16.0,0.211,0.77,0.497,0.151,0.5,0.54,90.44,0.505,10,Indiana Pacers
8,42013,1610612746,Los Angeles Clippers,13,6,7,0.462,624.0,109.7,108.6,1.1,0.605,1.89,17.7,0.262,0.704,0.475,0.127,0.515,0.555,98.75,0.505,10,Los Angeles Clippers
9,42013,1610612763,Memphis Grizzlies,7,3,4,0.429,356.0,98.9,105.7,-6.8,0.591,1.95,16.4,0.27,0.69,0.47,0.114,0.442,0.486,91.77,0.475,10,Memphis Grizzlies
10,42013,1610612748,Miami Heat,20,13,7,0.65,960.0,110.5,108.7,1.8,0.516,1.5,16.3,0.171,0.753,0.472,0.138,0.555,0.594,87.96,0.509,10,Miami Heat
11,42013,1610612760,Oklahoma City Thunder,19,10,9,0.526,937.0,105.6,105.5,0.2,0.527,1.28,15.1,0.271,0.742,0.519,0.156,0.496,0.551,94.98,0.499,10,Oklahoma City Thunder
12,42013,1610612757,Portland Trail Blazers,11,5,6,0.455,543.0,103.6,110.9,-7.3,0.457,1.27,13.5,0.261,0.706,0.486,0.137,0.482,0.529,97.39,0.464,10,Portland Trail Blazers
13,42013,1610612759,San Antonio Spurs,23,16,7,0.696,1109.0,112.7,101.1,11.6,0.559,1.77,17.6,0.236,0.772,0.511,0.133,0.546,0.583,94.78,0.572,10,San Antonio Spurs
14,42013,1610612761,Toronto Raptors,7,3,4,0.429,336.0,104.5,108.3,-3.8,0.541,1.16,14.8,0.268,0.77,0.529,0.166,0.486,0.553,91.14,0.484,10,Toronto Raptors
15,42013,1610612764,Washington Wizards,11,6,5,0.545,533.0,99.5,98.2,1.3,0.567,1.52,16.0,0.279,0.797,0.537,0.141,0.468,0.504,90.1,0.515,10,Washington Wizards
0,42014,1610612737,Atlanta Hawks,16,8,8,0.5,778.0,101.0,101.0,0.0,0.646,1.88,18.2,0.216,0.747,0.481,0.131,0.484,0.521,95.85,0.514,10,Atlanta Hawks
1,42014,1610612738,Boston Celtics,4,0,4,0.0,192.0,97.2,110.2,-13.0,0.576,1.48,15.7,0.222,0.719,0.464,0.139,0.453,0.504,95.92,0.427,10,Boston Celtics
2,42014,1610612751,Brooklyn Nets,6,2,4,0.333,293.0,99.1,103.6,-4.5,0.599,1.51,16.9,0.21,0.778,0.494,0.148,0.486,0.522,96.04,0.458,10,Brooklyn Nets
3,42014,1610612741,Chicago Bulls,12,6,6,0.5,586.0,100.5,98.1,2.4,0.632,1.58,17.1,0.268,0.743,0.51,0.147,0.474,0.515,93.35,0.526,10,Chicago Bulls
4,42014,1610612739,Cleveland Cavaliers,20,14,6,0.7,975.0,104.0,100.3,3.6,0.519,1.39,14.3,0.281,0.775,0.532,0.136,0.479,0.524,93.51,0.519,10,Cleveland Cavaliers
5,42014,1610612742,Dallas Mavericks,5,1,4,0.2,240.0,106.1,108.6,-2.5,0.51,1.49,15.3,0.281,0.751,0.507,0.137,0.493,0.534,104.44,0.476,10,Dallas Mavericks
6,42014,1610612744,Golden State Warriors,21,16,5,0.762,1023.0,106.4,97.4,9.0,0.642,1.68,18.4,0.262,0.753,0.511,0.151,0.521,0.55,96.09,0.547,10,Golden State Warriors
7,42014,1610612745,Houston Rockets,17,9,8,0.529,816.0,103.9,106.9,-2.9,0.586,1.41,16.0,0.238,0.744,0.494,0.149,0.505,0.544,103.82,0.485,10,Houston Rockets
8,42014,1610612746,Los Angeles Clippers,14,7,7,0.5,677.0,105.9,105.3,0.6,0.57,1.71,16.8,0.213,0.75,0.486,0.129,0.515,0.548,100.68,0.513,10,Los Angeles Clippers
9,42014,1610612763,Memphis Grizzlies,11,6,5,0.545,528.0,100.2,102.0,-1.8,0.57,1.85,16.2,0.237,0.772,0.499,0.116,0.451,0.503,94.33,0.508,10,Memphis Grizzlies
10,42014,1610612749,Milwaukee Bucks,6,2,4,0.333,298.0,90.0,101.0,-11.0,0.595,1.54,15.5,0.239,0.735,0.466,0.134,0.419,0.455,95.74,0.416,10,Milwaukee Bucks
11,42014,1610612740,New Orleans Pelicans,4,0,4,0.0,197.0,104.1,111.6,-7.6,0.612,1.72,17.8,0.249,0.691,0.475,0.139,0.491,0.536,94.64,0.464,10,New Orleans Pelicans
12,42014,1610612757,Portland Trail Blazers,5,1,4,0.2,240.0,99.0,106.1,-7.1,0.497,1.43,13.7,0.222,0.781,0.498,0.122,0.455,0.504,94.74,0.436,10,Portland Trail Blazers
13,42014,1610612759,San Antonio Spurs,7,3,4,0.429,341.0,106.7,104.4,2.3,0.631,1.99,18.2,0.248,0.786,0.509,0.125,0.505,0.536,96.34,0.493,10,San Antonio Spurs
14,42014,1610612761,Toronto Raptors,4,0,4,0.0,197.0,95.4,112.5,-17.0,0.531,1.63,15.1,0.19,0.73,0.444,0.119,0.459,0.493,96.92,0.382,10,Toronto Raptors
15,42014,1610612764,Washington Wizards,10,6,4,0.6,485.0,103.3,98.4,5.0,0.619,1.59,17.4,0.268,0.772,0.528,0.148,0.497,0.533,97.29,0.53,10,Washington Wizards
0,42015,1610612737,Atlanta Hawks,5,3,2,0.6,245.0,97.0,91.9,5.1,0.598,1.59,16.4,0.211,0.783,0.511,0.134,0.467,0.506,100.6,0.548,10,Atlanta Hawks
1,42015,1610612738,Boston Celtics,5,2,3,0.4,245.0,91.9,97.0,-5.1,0.64,1.45,16.3,0.217,0.789,0.489,0.148,0.439,0.48,100.6,0.452,10,Boston Celtics
2,42015,1610612766,Charlotte Hornets,5,3,2,0.6,240.0,100.6,105.7,-5.1,0.421,1.53,12.0,0.188,0.768,0.458,0.097,0.442,0.506,93.1,0.456,10,Charlotte Hornets
3,42015,1610612739,Cleveland Cavaliers,4,4,0,1.0,192.0,115.8,107.4,8.4,0.571,2.59,18.1,0.245,0.816,0.521,0.095,0.546,0.569,88.9,0.526,10,Cleveland Cavaliers
4,42015,1610612742,Dallas Mavericks,5,1,4,0.2,240.0,99.3,117.7,-18.4,0.582,1.75,16.6,0.215,0.655,0.426,0.125,0.474,0.511,94.79,0.39,10,Dallas Mavericks
5,42015,1610612765,Detroit Pistons,4,0,4,0.0,192.0,107.4,115.8,-8.4,0.604,2.07,18.6,0.184,0.755,0.479,0.119,0.537,0.559,88.9,0.474,10,Detroit Pistons
6,42015,1610612744,Golden State Warriors,4,3,1,0.75,192.0,107.6,91.0,16.6,0.717,1.87,20.3,0.243,0.73,0.492,0.151,0.534,0.563,102.13,0.629,10,Golden State Warriors
7,42015,1610612745,Houston Rockets,4,1,3,0.25,192.0,91.0,107.6,-16.6,0.545,0.95,13.6,0.27,0.757,0.508,0.187,0.45,0.487,102.13,0.371,10,Houston Rockets
8,42015,1610612754,Indiana Pacers,5,2,3,0.4,240.0,102.7,100.1,2.6,0.58,1.31,15.7,0.236,0.676,0.465,0.157,0.485,0.543,93.19,0.527,10,Indiana Pacers
9,42015,1610612746,Los Angeles Clippers,4,2,2,0.5,192.0,101.7,96.6,5.1,0.5,1.9,14.8,0.228,0.714,0.474,0.102,0.475,0.502,95.73,0.538,10,Los Angeles Clippers
10,42015,1610612763,Memphis Grizzlies,4,0,4,0.0,192.0,89.3,111.9,-22.6,0.516,1.06,13.6,0.288,0.773,0.494,0.171,0.423,0.455,91.35,0.328,10,Memphis Grizzlies
11,42015,1610612748,Miami Heat,5,2,3,0.4,240.0,105.7,100.6,5.1,0.522,1.52,15.8,0.232,0.812,0.542,0.136,0.515,0.55,93.1,0.544,10,Miami Heat
12,42015,1610612760,Oklahoma City Thunder,5,4,1,0.8,240.0,117.7,99.3,18.4,0.543,1.65,16.4,0.345,0.785,0.574,0.137,0.537,0.585,94.79,0.61,10,Oklahoma City Thunder
13,42015,1610612757,Portland Trail Blazers,4,2,2,0.5,192.0,96.6,101.7,-5.1,0.62,1.52,16.2,0.286,0.772,0.526,0.146,0.441,0.482,95.73,0.462,10,Portland Trail Blazers
14,42015,1610612759,San Antonio Spurs,4,4,0,1.0,192.0,111.9,89.3,22.6,0.581,1.56,17.7,0.227,0.712,0.506,0.149,0.552,0.597,91.35,0.672,10,San Antonio Spurs
15,42015,1610612761,Toronto Raptors,5,3,2,0.6,240.0,100.1,102.7,-2.6,0.476,1.1,12.6,0.324,0.764,0.535,0.15,0.441,0.502,93.19,0.473,10,Toronto Raptors
