,SEASON_ID,TEAM_ID,TEAM_NAME,GP,W,L,W_PCT,MIN,FGM,FGA,FG_PCT,FG3M,FG3A,FG3_PCT,FTM,FTA,FT_PCT,OREB,DREB,REB,AST,TOV,STL,BLK,BLKA,PF,PFD,PTS,PLUS_MINUS,CFID,CFPARAMS
0,41996,1610612737,Atlanta Hawks,10,4,6,0.4,49.5,30.9,70.8,0.436,6.9,21.9,0.315,20.3,26.1,0.778,11.0,29.0,40.0,15.4,16.1,4.5,4.3,3.5,20.0,9.9,89.0,-2.9,10,Atlanta Hawks
1,41996,1610612766,Charlotte Hornets,3,0,3,0.0,50.1,36.3,80.3,0.452,6.3,17.0,0.373,16.7,20.7,0.806,12.7,24.3,37.0,18.3,13.3,6.7,3.0,3.3,21.0,12.0,95.7,-8.7,10,Charlotte Hornets
2,41996,1610612741,Chicago Bulls,19,15,4,0.789,49.3,34.7,80.2,0.432,6.1,19.2,0.319,17.1,23.2,0.735,14.9,28.6,43.5,20.7,12.4,8.5,4.8,4.2,24.3,8.6,92.5,5.5,10,Chicago Bulls
3,41996,1610612765,Detroit Pistons,5,2,3,0.4,49.9,32.4,74.8,0.433,5.6,17.0,0.329,15.2,19.8,0.768,8.6,23.2,31.8,13.6,9.6,7.0,2.4,4.6,20.2,10.8,85.6,-2.0,10,Detroit Pistons
4,41996,1610612745,Houston Rockets,16,9,7,0.563,49.7,35.3,77.1,0.458,8.9,24.5,0.362,21.8,28.4,0.767,12.3,29.3,41.5,23.1,15.2,7.7,4.4,4.2,21.9,9.8,101.3,1.8,10,Houston Rockets
5,41996,1610612746,Los Angeles Clippers,3,0,3,0.0,50.9,32.7,75.0,0.436,6.0,18.0,0.333,21.0,28.7,0.733,10.3,23.0,33.3,16.3,12.0,6.7,4.3,5.3,29.0,18.3,92.3,-12.7,10,Los Angeles Clippers
6,41996,1610612747,Los Angeles Lakers,9,4,5,0.444,50.7,32.2,72.1,0.447,4.9,15.2,0.321,25.9,35.0,0.74,11.2,27.7,38.9,20.6,13.3,6.8,6.1,5.3,26.6,10.7,95.2,1.1,10,Los Angeles Lakers
7,41996,1610612748,Miami Heat,17,8,9,0.471,49.6,29.5,72.1,0.409,8.4,23.8,0.351,18.5,26.8,0.692,11.1,30.2,41.3,17.2,16.2,6.7,5.1,4.4,22.4,9.2,85.9,0.2,10,Miami Heat
8,41996,1610612750,Minnesota Timberwolves,3,0,3,0.0,49.8,40.0,88.7,0.451,6.3,16.7,0.38,13.3,18.0,0.741,14.0,24.7,38.7,24.0,9.3,7.7,4.0,4.0,23.3,14.0,99.7,-11.3,10,Minnesota Timberwolves
9,41996,1610612752,New York Knicks,10,6,4,0.6,49.8,34.3,73.5,0.467,5.5,14.8,0.372,17.1,22.2,0.77,9.7,29.8,39.5,21.1,15.7,8.7,3.5,4.9,23.4,11.5,91.2,1.7,10,New York Knicks
10,41996,1610612753,Orlando Magic,5,2,3,0.4,49.7,29.8,73.0,0.408,5.8,18.0,0.322,18.8,25.2,0.746,9.6,28.0,37.6,13.2,12.4,6.4,5.2,5.6,19.0,10.0,84.2,-7.8,10,Orlando Magic
11,41996,1610612756,Phoenix Suns,5,2,3,0.4,50.6,34.4,82.6,0.416,10.2,29.0,0.352,21.2,27.8,0.763,10.0,30.4,40.4,22.8,16.2,8.2,5.2,4.8,22.0,13.4,100.2,-12.6,10,Phoenix Suns
12,41996,1610612757,Portland Trail Blazers,4,1,3,0.25,50.4,32.8,73.0,0.449,4.5,17.0,0.265,19.8,27.3,0.725,11.8,25.3,37.0,19.8,15.5,5.5,4.3,5.3,28.8,12.5,89.8,-7.0,10,Portland Trail Blazers
13,41996,1610612760,Seattle SuperSonics,12,6,6,0.5,50.6,36.8,82.8,0.444,8.3,21.8,0.383,23.3,28.5,0.816,13.9,28.8,42.8,23.4,13.6,10.2,4.1,4.1,23.5,10.4,105.1,4.5,10,Seattle SuperSonics
14,41996,1610612762,Utah Jazz,20,13,7,0.65,49.9,33.7,74.5,0.452,5.0,13.5,0.367,23.8,30.4,0.784,11.4,30.4,41.8,21.8,13.4,7.4,4.9,5.7,24.8,10.9,96.1,3.3,10,Utah Jazz
15,41996,1610612764,Washington Bullets,3,0,3,0.0,50.4,34.0,71.7,0.474,4.3,10.3,0.419,22.7,29.0,0.782,11.3,24.3,35.7,17.0,18.7,4.7,6.3,4.3,25.7,16.7,95.0,-6.0,10,Washington Bullets
0,41997,1610612737,Atlanta Hawks,4,1,3,0.25,48.0,32.8,73.0,0.449,6.8,18.0,0.375,15.3,22.3,0.685,11.0,29.0,40.0,17.0,12.8,7.8,4.8,2.8,23.5,0.0,87.5,1.5,10,Atlanta Hawks
1,41997,1610612766,Charlotte Hornets,9,4,5,0.444,48.0,33.1,72.9,0.454,3.6,11.1,0.32,13.0,19.0,0.684,9.1,27.0,36.1,21.2,14.1,6.4,2.8,4.4,21.6,0.3,82.8,-6.0,10,Charlotte Hornets
2,41997,1610612741,Chicago Bulls,21,15,6,0.714,48.5,34.1,76.7,0.445,4.2,13.0,0.324,20.7,28.1,0.734,14.0,27.0,41.0,20.5,12.6,9.0,4.5,3.1,22.8,0.2,93.1,7.0,10,Chicago Bulls
3,41997,1610612739,Cleveland Cavaliers,4,1,3,0.25,48.0,26.8,61.5,0.435,1.8,6.0,0.292,25.5,35.3,0.723,10.0,24.5,34.5,18.5,18.3,8.5,3.0,7.8,23.8,0.3,80.8,-8.0,10,Cleveland Cavaliers
4,41997,1610612745,Houston Rockets,5,2,3,0.4,48.0,29.0,75.4,0.385,4.8,18.6,0.258,21.8,29.8,0.732,11.2,31.2,42.4,16.2,13.0,7.2,5.0,5.8,23.8,0.2,84.6,-6.8,10,Houston Rockets
5,41997,1610612754,Indiana Pacers,16,10,6,0.625,48.3,32.0,69.6,0.46,5.4,14.5,0.375,22.3,29.4,0.76,9.3,26.0,35.3,19.1,14.6,7.2,4.9,3.6,24.8,0.2,91.8,2.3,10,Indiana Pacers
6,41997,1610612747,Los Angeles Lakers,13,7,6,0.538,48.0,35.6,75.1,0.474,6.0,17.5,0.344,23.0,35.4,0.65,13.4,26.7,40.1,22.7,12.9,7.4,7.8,5.8,24.6,0.2,100.2,1.2,10,Los Angeles Lakers
7,41997,1610612748,Miami Heat,5,2,3,0.4,48.0,30.0,69.6,0.431,7.2,20.0,0.36,20.2,29.6,0.682,8.2,28.6,36.8,16.4,13.6,6.8,3.8,1.4,25.4,0.4,87.4,-2.2,10,Miami Heat
8,41997,1610612750,Minnesota Timberwolves,5,2,3,0.4,48.0,33.2,79.8,0.416,7.4,19.6,0.378,16.4,20.4,0.804,13.6,25.8,39.4,23.2,14.0,7.4,3.6,3.8,22.6,0.6,90.2,-5.8,10,Minnesota Timberwolves
9,41997,1610612751,New Jersey Nets,3,0,3,0.0,49.7,37.0,78.7,0.47,2.3,7.3,0.318,18.7,24.7,0.757,12.3,27.0,39.3,16.7,13.3,7.0,3.3,4.3,26.0,0.0,95.0,-7.7,10,New Jersey Nets
10,41997,1610612752,New York Knicks,10,4,6,0.4,48.5,32.2,73.8,0.436,5.3,13.6,0.39,18.9,24.7,0.765,10.5,29.2,39.7,18.8,16.1,8.6,2.0,4.1,26.8,0.2,88.6,-2.2,10,New York Knicks
11,41997,1610612756,Phoenix Suns,4,1,3,0.25,48.0,37.0,85.3,0.434,4.3,12.8,0.333,14.8,21.3,0.694,12.0,28.5,40.5,19.8,11.0,8.5,4.0,7.3,25.0,0.0,93.0,-7.5,10,Phoenix Suns
12,41997,1610612757,Portland Trail Blazers,4,1,3,0.25,48.0,36.0,79.5,0.453,5.8,15.3,0.377,22.0,28.5,0.772,14.0,27.8,41.8,24.0,16.3,7.0,5.3,8.5,29.8,0.0,99.8,-4.3,10,Portland Trail Blazers
13,41997,1610612759,San Antonio Spurs,9,4,5,0.444,48.6,33.3,72.1,0.462,3.9,12.9,0.302,21.2,30.8,0.69,11.0,32.6,43.6,17.3,14.4,5.7,7.0,4.3,22.1,0.2,91.8,3.2,10,San Antonio Spurs
14,41997,1610612760,Seattle SuperSonics,10,4,6,0.4,48.0,35.6,78.3,0.455,6.6,19.2,0.344,17.4,23.1,0.753,12.7,26.1,38.8,22.0,12.7,8.7,4.3,6.2,23.5,0.3,95.2,-2.4,10,Seattle SuperSonics
15,41997,1610612762,Utah Jazz,20,13,7,0.65,48.5,33.4,73.4,0.455,3.3,9.4,0.353,19.0,25.5,0.745,9.7,30.1,39.8,22.3,14.4,6.5,4.9,5.5,26.0,0.3,89.0,2.1,10,Utah Jazz
0,41998,1610612737,Atlanta Hawks,9,3,6,0.333,48.0,28.6,74.6,0.383,4.8,15.3,0.312,17.8,23.1,0.769,12.0,26.9,38.9,13.9,14.3,8.1,4.0,2.9,19.4,0.4,79.7,-2.8,10,Atlanta Hawks
1,41998,1610612765,Detroit Pistons,5,2,3,0.4,48.0,32.2,75.0,0.429,3.4,9.4,0.362,11.4,14.4,0.792,11.2,24.0,35.2,17.8,11.8,7.2,1.8,4.6,22.6,0.2,79.2,-3.0,10,Detroit Pistons
2,41998,1610612745,Houston Rockets,4,1,3,0.25,48.0,33.8,81.3,0.415,7.8,21.3,0.365,21.8,28.5,0.763,13.3,32.5,45.8,20.5,13.3,7.5,4.5,8.5,26.0,0.0,97.0,-2.3,10,Houston Rockets
3,41998,1610612754,Indiana Pacers,13,9,4,0.692,48.4,32.8,74.2,0.441,6.5,18.0,0.363,21.5,28.2,0.763,11.6,29.8,41.5,20.7,15.8,6.6,5.2,4.5,25.9,0.2,93.6,3.6,10,Indiana Pacers
4,41998,1610612747,Los Angeles Lakers,8,3,5,0.375,48.0,35.3,79.6,0.443,4.8,15.6,0.304,18.8,29.3,0.641,12.1,28.3,40.4,19.5,14.0,6.6,6.4,4.1,25.3,0.3,94.0,-2.9,10,Los Angeles Lakers
5,41998,1610612748,Miami Heat,5,2,3,0.4,48.0,27.2,68.0,0.4,5.6,18.6,0.301,19.0,27.0,0.704,8.2,27.4,35.6,16.4,12.6,7.2,4.4,3.0,20.6,0.2,79.0,-4.0,10,Miami Heat
6,41998,1610612749,Milwaukee Bucks,3,0,3,0.0,49.7,34.0,75.0,0.453,4.7,14.0,0.333,22.7,29.3,0.773,11.0,27.0,38.0,20.0,16.3,8.3,5.0,5.0,30.0,1.0,95.3,-10.3,10,Milwaukee Bucks
7,41998,1610612750,Minnesota Timberwolves,4,1,3,0.25,48.0,32.0,80.8,0.396,2.5,8.0,0.313,14.0,18.3,0.767,14.3,29.3,43.5,18.8,14.5,6.5,6.0,5.8,24.0,0.3,80.5,-6.3,10,Minnesota Timberwolves
8,41998,1610612752,New York Knicks,20,12,8,0.6,48.0,31.9,74.3,0.429,3.2,11.4,0.281,18.1,23.9,0.757,10.2,29.1,39.3,15.0,13.4,7.6,3.9,4.6,25.5,0.3,85.0,2.0,10,New York Knicks
9,41998,1610612753,Orlando Magic,4,1,3,0.25,48.0,27.8,73.8,0.376,6.8,21.8,0.31,24.0,32.3,0.744,14.5,25.0,39.5,19.8,19.0,9.0,3.8,6.8,23.5,0.0,86.3,-6.3,10,Orlando Magic
10,41998,1610612755,Philadelphia 76ers,8,3,5,0.375,48.0,34.6,82.1,0.422,2.5,10.5,0.238,17.5,24.5,0.714,16.9,27.5,44.4,19.0,13.3,10.4,5.1,4.9,25.5,0.0,89.3,0.5,10,Philadelphia 76ers
11,41998,1610612756,Phoenix Suns,3,0,3,0.0,48.0,34.7,80.7,0.43,7.0,18.7,0.375,16.0,21.7,0.738,10.3,22.7,33.0,22.3,14.0,10.3,2.3,5.7,29.0,0.0,92.3,-10.3,10,Phoenix Suns
12,41998,1610612757,Portland Trail Blazers,13,7,6,0.538,48.0,29.4,69.4,0.424,3.8,11.1,0.34,23.6,31.4,0.752,9.8,28.9,38.8,18.2,14.1,7.7,4.2,5.5,23.9,0.3,86.2,-0.5,10,Portland Trail Blazers
13,41998,1610612758,Sacramento Kings,5,2,3,0.4,50.0,32.4,79.6,0.407,6.2,22.2,0.279,19.6,26.4,0.742,12.8,28.6,41.4,18.2,17.8,10.6,4.4,4.0,23.8,0.4,90.6,-4.8,10,Sacramento Kings
14,41998,1610612759,San Antonio Spurs,17,15,2,0.882,48.0,31.6,70.1,0.451,4.1,11.8,0.35,21.1,28.5,0.742,9.8,30.4,40.2,21.3,14.9,7.3,5.8,4.3,21.8,0.2,88.4,7.2,10,San Antonio Spurs
15,41998,1610612762,Utah Jazz,11,5,6,0.455,48.9,32.4,75.0,0.432,2.9,9.6,0.302,21.5,28.3,0.762,11.2,31.5,42.6,22.0,15.5,7.7,4.7,4.1,27.1,0.5,89.2,1.8,10,Utah Jazz
0,41999,1610612766,Charlotte Hornets,4,1,3,0.25,49.3,32.3,75.0,0.43,4.5,15.0,0.3,22.3,27.0,0.824,13.5,30.5,44.0,22.8,15.5,8.3,5.8,6.0,22.0,1.0,91.3,-2.8,10,Charlotte Hornets
1,41999,1610612765,Detroit Pistons,3,0,3,0.0,48.0,28.0,69.3,0.404,4.3,11.7,0.371,19.3,27.0,0.716,6.0,28.3,34.3,14.7,17.0,6.0,1.7,7.3,24.7,5.7,79.7,-10.3,10,Detroit Pistons
2,41999,1610612754,Indiana Pacers,23,13,10,0.565,48.2,35.0,78.9,0.443,7.1,18.8,0.379,21.0,25.4,0.827,10.1,30.4,40.5,20.3,11.6,5.4,4.7,4.4,23.4,1.7,98.1,2.7,10,Indiana Pacers
3,41999,1610612747,Los Angeles Lakers,23,15,8,0.652,48.2,37.3,80.4,0.465,5.4,15.4,0.349,19.7,31.6,0.623,13.2,30.1,43.3,21.8,12.1,6.6,6.1,3.7,25.3,2.1,99.8,2.3,10,Los Angeles Lakers
4,41999,1610612748,Miami Heat,10,6,4,0.6,48.5,30.9,73.7,0.419,4.7,14.9,0.315,16.7,24.2,0.69,10.5,32.9,43.4,19.1,13.9,7.2,5.1,3.3,26.0,2.0,83.2,2.5,10,Miami Heat
5,41999,1610612749,Milwaukee Bucks,5,2,3,0.4,48.0,37.8,82.6,0.458,3.6,11.6,0.31,16.8,22.0,0.764,11.4,31.4,42.8,20.6,11.8,6.6,5.6,3.4,25.0,2.2,96.0,1.8,10,Milwaukee Bucks
6,41999,1610612750,Minnesota Timberwolves,4,1,3,0.25,48.0,34.3,76.5,0.448,3.0,9.8,0.308,13.8,17.5,0.786,10.3,24.8,35.0,23.5,11.8,6.0,4.0,3.8,23.8,2.3,85.3,-2.0,10,Minnesota Timberwolves
7,41999,1610612752,New York Knicks,16,9,7,0.563,48.3,31.2,72.4,0.431,4.5,11.4,0.393,17.6,23.0,0.764,8.1,30.4,38.4,14.6,11.8,6.5,4.1,4.3,22.9,2.0,84.4,-1.1,10,New York Knicks
8,41999,1610612755,Philadelphia 76ers,10,5,5,0.5,48.5,34.2,80.0,0.428,3.9,12.3,0.317,21.9,29.5,0.742,13.5,28.9,42.4,19.1,12.7,6.5,4.5,6.1,22.6,1.9,94.2,-1.3,10,Philadelphia 76ers
9,41999,1610612756,Phoenix Suns,9,4,5,0.444,48.0,33.4,82.2,0.407,4.7,16.8,0.278,15.8,22.6,0.7,13.9,31.0,44.9,21.0,15.2,8.1,6.2,6.9,27.4,1.9,87.3,-3.7,10,Phoenix Suns
10,41999,1610612757,Portland Trail Blazers,16,10,6,0.625,48.0,32.4,73.1,0.444,5.4,14.6,0.372,22.2,28.3,0.785,9.8,28.4,38.2,19.3,12.7,7.4,3.8,5.4,25.2,1.6,92.5,4.8,10,Portland Trail Blazers
11,41999,1610612758,Sacramento Kings,5,2,3,0.4,48.0,33.6,81.0,0.415,6.6,17.4,0.379,22.6,30.0,0.753,11.8,29.4,41.2,16.6,12.0,6.8,3.6,6.4,22.0,1.2,96.4,-8.0,10,Sacramento Kings
12,41999,1610612759,San Antonio Spurs,4,1,3,0.25,48.0,28.3,76.0,0.372,3.0,11.0,0.273,22.3,30.5,0.73,12.3,34.0,46.3,15.0,16.3,8.5,7.5,9.8,20.8,2.5,81.8,-1.3,10,San Antonio Spurs
13,41999,1610612760,Seattle SuperSonics,5,2,3,0.4,48.0,34.8,79.6,0.437,7.0,16.4,0.427,16.6,23.2,0.716,12.4,28.6,41.0,19.8,14.6,8.2,3.4,5.8,21.8,2.0,93.2,-1.2,10,Seattle SuperSonics
14,41999,1610612761,Toronto Raptors,3,0,3,0.0,48.0,27.7,74.0,0.374,4.3,15.7,0.277,24.0,31.0,0.774,13.0,29.7,42.7,19.0,14.3,9.0,4.3,5.0,26.0,1.3,83.7,-4.0,10,Toronto Raptors
15,41999,1610612762,Utah Jazz,10,4,6,0.4,48.0,33.1,74.6,0.444,4.6,12.3,0.374,17.5,23.7,0.738,10.3,30.0,40.3,23.6,14.9,6.9,5.4,3.8,25.0,2.6,88.3,-4.9,10,Utah Jazz
0,42000,1610612766,Charlotte Hornets,10,6,4,0.6,48.0,33.9,78.1,0.434,4.4,12.0,0.367,23.5,31.4,0.748,13.2,29.9,43.1,19.7,12.1,8.6,4.6,6.9,20.9,0.0,95.7,6.3,10,Charlotte Hornets
1,42000,1610612742,Dallas Mavericks,10,4,6,0.4,48.0,32.2,80.8,0.399,6.1,17.2,0.355,21.7,25.6,0.848,12.2,28.8,41.0,17.0,11.6,5.9,5.5,5.3,23.4,0.0,92.2,-3.7,10,Dallas Mavericks
2,42000,1610612754,Indiana Pacers,4,1,3,0.25,48.0,32.8,82.3,0.398,6.3,18.3,0.342,15.5,18.8,0.827,11.8,28.0,39.8,20.8,12.5,4.8,4.5,5.8,23.5,0.0,87.3,-6.3,10,Indiana Pacers
3,42000,1610612747,Los Angeles Lakers,16,15,1,0.938,48.3,38.3,81.8,0.468,6.1,15.9,0.386,20.8,30.7,0.676,14.3,33.9,48.2,22.8,14.0,9.2,5.8,5.8,22.7,0.0,103.4,12.8,10,Los Angeles Lakers
4,42000,1610612748,Miami Heat,3,0,3,0.0,48.0,29.7,72.3,0.41,5.3,16.7,0.32,13.7,19.3,0.707,7.3,27.7,35.0,16.7,18.7,5.0,5.0,4.0,25.3,0.0,78.3,-22.3,10,Miami Heat
5,42000,1610612749,Milwaukee Bucks,18,10,8,0.556,48.3,35.0,80.6,0.434,6.7,17.6,0.383,18.9,23.7,0.8,12.8,31.9,44.8,21.9,13.0,5.9,6.8,4.8,23.8,0.0,95.7,1.4,10,Milwaukee Bucks
6,42000,1610612750,Minnesota Timberwolves,4,1,3,0.25,48.0,30.8,79.5,0.387,3.0,10.0,0.3,17.5,21.5,0.814,11.0,31.5,42.5,18.5,12.8,7.5,5.8,4.5,24.3,0.0,82.0,-6.5,10,Minnesota Timberwolves
7,42000,1610612752,New York Knicks,5,2,3,0.4,48.0,33.4,71.4,0.468,4.0,11.8,0.339,18.2,23.4,0.778,7.8,28.6,36.4,15.6,14.6,6.2,3.8,5.2,24.2,0.0,89.0,-3.2,10,New York Knicks
8,42000,1610612753,Orlando Magic,4,1,3,0.25,49.3,39.0,89.8,0.435,8.0,20.5,0.39,16.8,24.5,0.684,13.5,30.3,43.8,22.0,11.3,8.0,6.3,5.3,26.5,0.0,102.8,-5.8,10,Orlando Magic
9,42000,1610612755,Philadelphia 76ers,23,12,11,0.522,48.2,34.0,80.8,0.421,3.8,11.4,0.336,20.4,26.9,0.761,14.1,29.7,43.9,20.0,12.4,8.0,4.9,6.8,20.7,0.0,92.3,-0.1,10,Philadelphia 76ers
10,42000,1610612756,Phoenix Suns,4,1,3,0.25,48.0,34.0,89.5,0.38,4.3,17.0,0.25,16.3,22.8,0.714,13.5,30.8,44.3,21.3,13.8,9.8,5.8,5.3,23.5,0.0,88.5,-9.5,10,Phoenix Suns
11,42000,1610612757,Portland Trail Blazers,3,0,3,0.0,48.0,32.0,76.3,0.419,5.3,20.3,0.262,19.7,26.0,0.756,9.7,28.0,37.7,16.3,15.0,6.3,4.7,2.0,21.3,0.0,89.0,-14.7,10,Portland Trail Blazers
12,42000,1610612758,Sacramento Kings,8,3,5,0.375,48.0,34.6,86.0,0.403,5.0,14.3,0.351,23.4,28.6,0.817,15.1,32.5,47.6,16.8,16.6,8.1,5.3,5.6,24.3,0.0,97.6,0.1,10,Sacramento Kings
13,42000,1610612759,San Antonio Spurs,13,7,6,0.538,48.0,33.4,76.1,0.439,5.5,15.2,0.364,19.2,26.8,0.716,10.7,32.9,43.6,19.6,13.9,6.1,6.0,5.5,20.7,0.0,91.5,-0.4,10,San Antonio Spurs
14,42000,1610612761,Toronto Raptors,12,6,6,0.5,48.0,35.3,79.5,0.443,5.9,15.1,0.392,15.8,20.8,0.756,11.9,26.8,38.8,22.4,13.6,7.8,6.1,4.8,21.4,0.0,92.2,0.9,10,Toronto Raptors
15,42000,1610612762,Utah Jazz,5,2,3,0.4,48.0,33.0,77.8,0.424,3.6,11.0,0.327,20.0,25.8,0.775,12.6,29.4,42.0,23.2,12.2,5.2,5.2,5.4,26.8,0.0,89.6,-4.2,10,Utah Jazz
0,42001,1610612738,Boston Celtics,16,9,7,0.563,48.0,32.8,78.4,0.418,7.9,22.9,0.343,17.8,22.9,0.774,10.6,32.7,43.3,18.8,14.1,8.9,4.8,4.9,22.9,0.0,91.3,2.8,10,Boston Celtics
1,42001,1610612766,Charlotte Hornets,9,4,5,0.444,49.1,34.1,81.0,0.421,4.4,12.2,0.364,23.4,32.3,0.725,14.7,31.6,46.2,19.6,14.8,8.9,7.3,5.2,27.4,0.1,96.1,0.0,10,Charlotte Hornets
2,42001,1610612742,Dallas Mavericks,8,4,4,0.5,48.6,39.8,88.0,0.452,8.4,22.1,0.379,21.1,25.3,0.837,10.9,31.0,41.9,19.6,12.5,6.3,4.6,4.1,25.8,0.3,109.0,0.3,10,Dallas Mavericks
3,42001,1610612765,Detroit Pistons,10,4,6,0.4,48.0,29.4,73.6,0.399,8.0,22.6,0.354,16.2,22.4,0.723,9.6,28.1,37.7,18.7,14.6,7.3,5.6,4.4,21.0,0.1,83.0,-0.4,10,Detroit Pistons
4,42001,1610612754,Indiana Pacers,5,2,3,0.4,50.0,34.8,76.0,0.458,4.8,11.8,0.407,17.2,22.6,0.761,8.4,33.8,42.2,21.2,18.2,8.2,4.0,6.4,25.0,0.0,91.6,0.2,10,Indiana Pacers
5,42001,1610612747,Los Angeles Lakers,19,15,4,0.789,48.3,35.7,80.5,0.444,6.1,18.0,0.339,20.3,28.1,0.721,12.3,33.2,45.4,19.6,13.7,6.8,5.8,4.4,23.6,0.1,97.8,3.8,10,Los Angeles Lakers
6,42001,1610612750,Minnesota Timberwolves,3,0,3,0.0,48.0,36.0,81.0,0.444,5.0,12.7,0.395,25.0,34.7,0.721,14.3,35.0,49.3,16.0,15.7,5.7,2.7,5.3,27.0,0.7,102.0,-10.7,10,Minnesota Timberwolves
7,42001,1610612751,New Jersey Nets,20,11,9,0.55,48.5,35.9,82.9,0.432,4.2,14.6,0.285,19.5,26.9,0.726,12.4,30.4,42.7,21.3,14.2,7.9,5.5,6.3,24.5,0.1,95.4,-0.1,10,New Jersey Nets
8,42001,1610612753,Orlando Magic,4,1,3,0.25,50.5,33.3,78.5,0.424,4.3,16.5,0.258,23.0,31.0,0.742,9.0,30.5,39.5,19.5,12.0,5.5,3.8,6.0,25.8,0.0,93.8,-5.0,10,Orlando Magic
9,42001,1610612755,Philadelphia 76ers,5,2,3,0.4,48.0,30.4,73.6,0.413,4.0,13.0,0.308,24.2,32.0,0.756,12.6,28.6,41.2,19.4,14.4,9.0,4.0,4.6,18.6,0.0,89.0,-8.8,10,Philadelphia 76ers
10,42001,1610612757,Portland Trail Blazers,3,0,3,0.0,48.0,31.3,82.0,0.382,6.7,18.0,0.37,22.0,27.7,0.795,12.0,32.0,44.0,20.7,14.7,8.3,3.0,6.3,27.0,0.3,91.3,-5.3,10,Portland Trail Blazers
11,42001,1610612758,Sacramento Kings,16,10,6,0.625,48.6,36.9,82.4,0.448,5.0,16.2,0.309,22.2,29.9,0.741,12.9,32.6,45.6,20.6,14.8,7.5,4.7,5.4,23.8,0.1,101.1,2.3,10,Sacramento Kings
12,42001,1610612759,San Antonio Spurs,10,4,6,0.4,48.0,32.9,76.2,0.432,5.0,14.7,0.34,20.3,26.6,0.763,11.1,29.9,41.0,16.9,11.1,6.1,6.5,5.0,20.4,0.1,91.1,3.0,10,San Antonio Spurs
13,42001,1610612760,Seattle SuperSonics,5,2,3,0.4,48.0,34.2,79.6,0.43,4.8,12.2,0.393,13.0,19.0,0.684,11.4,28.8,40.2,17.4,10.6,4.0,4.8,7.8,23.4,0.0,86.2,-10.2,10,Seattle SuperSonics
14,42001,1610612761,Toronto Raptors,5,2,3,0.4,48.0,32.6,77.2,0.422,3.4,10.6,0.321,15.2,20.6,0.738,12.4,30.0,42.4,21.0,16.0,8.0,5.2,5.2,23.4,0.2,83.8,-2.8,10,Toronto Raptors
15,42001,1610612762,Utah Jazz,4,1,3,0.25,48.0,33.0,79.5,0.415,3.5,11.5,0.304,18.5,27.0,0.685,15.3,28.0,43.3,23.0,16.5,9.0,7.0,5.0,26.0,0.3,88.0,-1.0,10,Utah Jazz
0,42002,1610612738,Boston Celtics,10,4,6,0.4,49.5,33.4,79.1,0.422,8.6,24.3,0.354,19.2,24.0,0.8,8.8,31.9,40.7,20.7,14.8,8.6,4.3,4.3,25.9,0.1,94.6,-0.6,10,Boston Celtics
1,42002,1610612742,Dallas Mavericks,20,10,10,0.5,48.5,38.7,86.1,0.45,9.2,23.2,0.397,17.5,21.1,0.829,11.2,30.9,42.1,20.4,12.5,6.1,5.2,4.5,24.3,0.1,104.1,-0.6,10,Dallas Mavericks
2,42002,1610612765,Detroit Pistons,17,8,9,0.471,48.6,30.2,73.8,0.41,6.7,19.1,0.352,22.8,30.7,0.741,10.8,28.3,39.1,17.8,13.4,8.0,5.9,3.8,23.5,0.0,89.9,0.9,10,Detroit Pistons
3,42002,1610612754,Indiana Pacers,6,2,4,0.333,48.8,30.2,77.7,0.388,5.2,17.7,0.292,25.7,32.5,0.79,13.2,33.7,46.8,19.8,14.2,7.0,5.8,4.0,23.5,0.0,91.2,-5.7,10,Indiana Pacers
4,42002,1610612747,Los Angeles Lakers,12,6,6,0.5,48.4,37.3,83.3,0.448,7.1,20.0,0.354,18.5,26.1,0.709,12.3,30.9,43.3,20.9,13.8,7.0,5.3,3.8,24.0,0.1,100.3,0.3,10,Los Angeles Lakers
5,42002,1610612749,Milwaukee Bucks,6,2,4,0.333,48.8,36.5,79.5,0.459,6.3,17.0,0.373,18.5,24.8,0.745,8.3,27.0,35.3,20.2,13.3,7.2,3.8,3.2,27.3,0.0,97.8,-4.3,10,Milwaukee Bucks
6,42002,1610612750,Minnesota Timberwolves,6,2,4,0.333,48.8,37.5,81.0,0.463,4.7,14.0,0.333,20.8,25.8,0.806,8.8,33.3,42.2,22.0,15.8,6.8,3.5,5.7,24.2,0.0,100.5,-6.3,10,Minnesota Timberwolves
7,42002,1610612751,New Jersey Nets,20,14,6,0.7,48.8,34.2,80.6,0.425,4.7,13.3,0.35,20.6,27.1,0.762,13.6,31.5,45.1,21.3,15.2,7.5,4.3,6.4,25.1,0.1,93.7,3.4,10,New Jersey Nets
8,42002,1610612740,New Orleans Hornets,6,2,4,0.333,48.0,33.8,77.2,0.438,6.3,17.2,0.369,18.8,25.3,0.743,12.3,26.8,39.2,20.0,14.7,7.3,5.0,2.3,25.5,0.3,92.8,-1.7,10,New Orleans Hornets
9,42002,1610612753,Orlando Magic,7,3,4,0.429,48.0,31.0,73.1,0.424,5.1,16.3,0.316,20.4,26.1,0.781,9.9,28.3,38.1,16.0,15.3,5.3,4.0,5.4,29.9,0.0,87.6,-7.3,10,Orlando Magic
10,42002,1610612755,Philadelphia 76ers,12,6,6,0.5,48.8,33.7,75.9,0.443,3.8,10.7,0.352,21.0,26.2,0.803,12.1,29.8,41.8,18.9,14.8,7.2,2.5,5.4,23.9,0.1,92.1,0.8,10,Philadelphia 76ers
11,42002,1610612756,Phoenix Suns,6,2,4,0.333,48.8,32.3,83.7,0.386,4.7,15.7,0.298,15.8,22.2,0.714,13.3,29.7,43.0,16.2,16.2,9.5,5.8,6.8,29.2,0.0,85.2,-5.3,10,Phoenix Suns
12,42002,1610612757,Portland Trail Blazers,7,3,4,0.429,48.0,36.4,79.0,0.461,6.3,17.0,0.37,22.1,29.4,0.752,15.0,29.7,44.7,23.3,13.7,6.3,3.0,4.3,22.6,0.1,101.3,1.0,10,Portland Trail Blazers
13,42002,1610612758,Sacramento Kings,12,7,5,0.583,48.8,39.3,85.5,0.459,6.8,18.4,0.367,22.7,29.2,0.777,12.8,31.5,44.3,22.6,13.4,7.5,4.8,5.6,23.0,0.1,107.9,2.3,10,Sacramento Kings
14,42002,1610612759,San Antonio Spurs,24,16,8,0.667,48.2,33.8,76.8,0.441,5.3,15.2,0.351,21.8,30.6,0.712,12.1,33.4,45.5,20.7,15.2,7.8,6.9,5.7,21.4,0.0,94.8,5.5,10,San Antonio Spurs
15,42002,1610612762,Utah Jazz,5,1,4,0.2,48.0,33.8,77.8,0.434,1.8,6.8,0.265,23.6,30.0,0.787,14.0,25.2,39.2,21.0,16.4,7.2,5.6,5.8,24.8,0.2,93.0,-10.6,10,Utah Jazz
0,42003,1610612738,Boston Celtics,4,0,4,0.0,48.0,28.8,70.5,0.408,5.3,15.8,0.333,21.8,27.0,0.806,9.3,31.8,41.0,17.5,19.8,6.5,5.0,6.0,20.3,0.0,84.5,-16.8,10,Boston Celtics
1,42003,1610612742,Dallas Mavericks,5,1,4,0.2,48.0,38.2,96.4,0.396,5.0,17.4,0.287,18.2,23.6,0.771,20.4,31.8,52.2,20.6,13.6,9.2,6.6,4.6,21.6,0.0,99.6,1.4,10,Dallas Mavericks
2,42003,1610612743,Denver Nuggets,5,1,4,0.2,48.0,37.2,87.2,0.427,4.4,13.0,0.338,11.8,16.8,0.702,14.4,28.8,43.2,20.4,14.2,7.8,2.8,6.0,24.2,0.0,90.6,-4.0,10,Denver Nuggets
3,42003,1610612765,Detroit Pistons,23,16,7,0.696,48.9,31.4,76.3,0.412,4.2,13.9,0.304,20.1,27.3,0.734,12.9,32.0,44.8,19.4,14.9,8.0,7.1,5.1,22.5,0.2,87.1,6.4,10,Detroit Pistons
4,42003,1610612745,Houston Rockets,5,1,4,0.2,49.0,31.8,74.4,0.427,4.6,15.2,0.303,16.4,22.8,0.719,9.6,34.8,44.4,17.2,16.8,5.2,3.6,4.0,22.8,0.0,84.6,-5.4,10,Houston Rockets
5,42003,1610612754,Indiana Pacers,16,10,6,0.625,48.0,30.7,75.1,0.408,5.9,17.8,0.333,18.2,24.8,0.733,10.8,31.3,42.1,17.9,13.6,8.7,6.3,6.3,23.5,0.1,85.5,4.4,10,Indiana Pacers
6,42003,1610612747,Los Angeles Lakers,22,13,9,0.591,48.5,33.0,74.5,0.444,5.0,15.5,0.321,17.1,27.9,0.612,10.2,30.0,40.2,22.6,12.6,7.3,4.2,3.4,22.9,0.1,88.1,0.9,10,Los Angeles Lakers
7,42003,1610612763,Memphis Grizzlies,4,0,4,0.0,48.0,30.8,72.5,0.424,3.8,12.8,0.294,18.3,23.5,0.777,9.5,25.0,34.5,14.5,14.3,9.5,5.0,6.3,25.0,0.3,83.5,-14.0,10,Memphis Grizzlies
8,42003,1610612748,Miami Heat,13,6,7,0.462,48.0,30.5,74.8,0.408,3.7,13.4,0.276,19.3,25.6,0.754,11.4,30.5,41.8,16.3,14.2,7.5,4.1,5.0,24.4,0.2,84.1,0.2,10,Miami Heat
9,42003,1610612749,Milwaukee Bucks,5,1,4,0.2,48.0,32.4,77.8,0.416,4.8,14.4,0.333,16.0,21.6,0.741,11.2,28.0,39.2,20.6,16.4,8.2,4.2,8.0,22.4,0.2,85.6,-12.6,10,Milwaukee Bucks
10,42003,1610612750,Minnesota Timberwolves,18,10,8,0.556,48.3,33.9,77.1,0.441,5.9,15.2,0.387,18.2,23.3,0.78,9.7,32.3,42.0,19.3,15.0,6.6,5.2,3.4,24.3,0.1,91.9,-0.1,10,Minnesota Timberwolves
11,42003,1610612751,New Jersey Nets,11,7,4,0.636,49.4,30.8,72.8,0.423,4.5,16.4,0.272,22.1,30.3,0.73,10.6,32.1,42.7,20.5,18.5,8.6,5.4,5.8,26.0,0.2,88.2,2.5,10,New Jersey Nets
12,42003,1610612740,New Orleans Hornets,7,3,4,0.429,48.0,29.3,76.3,0.384,5.9,18.6,0.315,16.1,20.7,0.779,12.3,30.0,42.3,19.3,17.1,6.1,4.6,4.0,20.9,0.1,80.6,-3.0,10,New Orleans Hornets
13,42003,1610612752,New York Knicks,4,0,4,0.0,48.0,30.8,80.0,0.384,4.3,14.5,0.293,18.3,25.3,0.723,12.3,26.3,38.5,19.5,16.3,9.3,4.0,5.0,28.0,0.0,84.0,-12.8,10,New York Knicks
14,42003,1610612758,Sacramento Kings,12,7,5,0.583,48.4,35.3,82.9,0.425,5.8,16.8,0.348,18.8,24.8,0.758,10.9,33.1,44.0,22.8,14.3,9.4,3.7,6.3,21.1,0.0,95.2,0.1,10,Sacramento Kings
15,42003,1610612759,San Antonio Spurs,10,6,4,0.6,48.0,33.5,76.2,0.44,6.9,18.9,0.365,15.4,23.9,0.644,12.6,29.7,42.3,19.4,15.5,7.7,4.2,5.2,22.8,0.1,89.3,3.1,10,San Antonio Spurs
0,42004,1610612738,Boston Celtics,7,3,4,0.429,48.7,32.9,74.3,0.442,4.9,14.9,0.327,17.1,22.7,0.755,10.3,29.1,39.4,16.6,15.3,8.4,6.4,6.6,25.4,0.0,87.7,-0.6,10,Boston Celtics
1,42004,1610612741,Chicago Bulls,6,2,4,0.333,48.0,35.5,84.7,0.419,9.0,23.2,0.388,22.5,31.2,0.722,14.2,30.3,44.5,21.7,15.2,6.3,5.0,6.5,29.2,0.0,102.5,-1.8,10,Chicago Bulls
2,42004,1610612742,Dallas Mavericks,13,6,7,0.462,48.4,38.1,84.2,0.452,6.6,17.5,0.379,22.4,28.5,0.786,14.4,29.1,43.5,17.5,13.2,7.2,5.1,5.9,22.7,0.0,105.2,-1.6,10,Dallas Mavericks
3,42004,1610612743,Denver Nuggets,5,1,4,0.2,49.0,32.8,78.6,0.417,2.2,8.4,0.262,22.4,30.4,0.737,10.2,29.2,39.4,16.4,13.0,6.4,5.8,7.0,27.0,0.0,90.2,-10.2,10,Denver Nuggets
4,42004,1610612765,Detroit Pistons,25,15,10,0.6,48.4,34.5,79.0,0.437,4.5,13.9,0.326,16.8,22.6,0.742,12.4,29.9,42.3,20.5,12.2,7.3,6.1,5.5,21.0,0.0,90.3,4.7,10,Detroit Pistons
5,42004,1610612745,Houston Rockets,7,3,4,0.429,48.0,35.0,75.1,0.466,7.1,17.7,0.403,20.4,25.9,0.79,10.7,27.0,37.7,18.0,14.3,7.3,5.9,4.9,24.7,0.0,97.6,-2.7,10,Houston Rockets
6,42004,1610612754,Indiana Pacers,13,6,7,0.462,48.4,28.8,73.0,0.395,5.6,17.8,0.316,20.7,26.4,0.784,10.9,29.2,40.1,18.0,15.1,8.1,5.9,6.6,22.0,0.0,84.0,-2.9,10,Indiana Pacers
7,42004,1610612763,Memphis Grizzlies,4,0,4,0.0,48.0,41.5,87.8,0.473,7.8,19.8,0.392,12.0,17.0,0.706,11.8,27.8,39.5,21.0,10.8,5.8,4.5,7.8,24.5,0.0,102.8,-11.0,10,Memphis Grizzlies
8,42004,1610612748,Miami Heat,15,11,4,0.733,48.7,36.0,73.1,0.492,6.0,15.5,0.388,20.0,29.9,0.668,8.3,33.3,41.6,18.9,15.3,5.5,5.7,3.4,24.5,0.0,98.0,4.3,10,Miami Heat
9,42004,1610612751,New Jersey Nets,4,0,4,0.0,50.5,33.5,84.8,0.395,6.3,21.5,0.291,23.5,31.3,0.752,13.0,29.8,42.8,21.3,13.0,7.5,1.3,3.5,30.8,0.0,96.8,-12.8,10,New Jersey Nets
10,42004,1610612755,Philadelphia 76ers,5,1,4,0.2,49.0,34.8,79.6,0.437,6.6,19.4,0.34,14.6,20.4,0.716,9.6,25.2,34.8,19.8,12.8,8.6,4.0,6.4,21.8,0.0,90.8,-8.0,10,Philadelphia 76ers
11,42004,1610612756,Phoenix Suns,15,9,6,0.6,48.3,41.8,84.8,0.493,8.6,19.7,0.436,19.8,25.8,0.767,12.1,31.1,43.1,20.5,12.9,6.1,6.3,4.9,20.1,0.0,112.0,4.2,10,Phoenix Suns
12,42004,1610612758,Sacramento Kings,5,1,4,0.2,48.0,38.4,86.2,0.445,5.8,20.8,0.279,19.6,24.6,0.797,13.0,23.0,36.0,20.2,11.2,6.2,4.0,4.8,25.8,0.0,102.2,-4.4,10,Sacramento Kings
13,42004,1610612759,San Antonio Spurs,23,16,7,0.696,48.4,34.7,76.5,0.454,7.1,18.3,0.389,20.4,28.0,0.727,12.3,29.7,42.1,18.4,14.5,5.6,5.8,5.9,21.9,0.0,96.9,4.3,10,San Antonio Spurs
14,42004,1610612760,Seattle SuperSonics,11,6,5,0.545,48.0,35.5,77.5,0.458,4.8,15.7,0.306,22.8,28.5,0.799,12.6,27.6,40.3,16.2,13.8,6.5,4.5,5.1,26.1,0.0,98.5,-1.7,10,Seattle SuperSonics
15,42004,1610612764,Washington Wizards,10,4,6,0.4,48.0,35.1,82.6,0.425,5.6,18.8,0.298,24.6,33.8,0.728,12.9,29.9,42.8,17.2,13.7,8.2,5.8,5.4,25.4,0.0,100.4,-2.5,10,Washington Wizards
0,42005,1610612741,Chicago Bulls,6,2,4,0.333,48.0,34.0,76.3,0.445,7.8,19.8,0.395,22.5,30.3,0.742,8.8,30.5,39.3,18.3,15.8,5.7,3.8,5.3,25.8,26.2,98.3,-3.0,10,Chicago Bulls
1,42005,1610612739,Cleveland Cavaliers,13,7,6,0.538,48.8,33.6,76.8,0.437,4.2,13.2,0.32,18.9,24.8,0.764,12.5,29.8,42.2,16.2,14.5,6.5,4.2,5.4,24.6,21.0,90.4,-3.2,10,Cleveland Cavaliers
2,42005,1610612742,Dallas Mavericks,23,14,9,0.609,48.9,36.1,80.1,0.451,4.8,15.1,0.317,22.7,28.0,0.809,12.2,30.5,42.7,15.3,12.8,6.6,4.3,4.8,25.5,24.4,99.7,4.1,10,Dallas Mavericks
3,42005,1610612743,Denver Nuggets,5,1,4,0.2,48.0,32.6,85.8,0.38,3.0,13.6,0.221,19.2,26.4,0.727,14.0,27.8,41.8,19.8,11.8,6.8,4.2,5.8,23.2,27.0,87.4,-7.6,10,Denver Nuggets
4,42005,1610612765,Detroit Pistons,18,10,8,0.556,48.0,32.1,74.3,0.432,6.9,18.5,0.372,20.6,28.4,0.724,11.3,27.4,38.8,18.7,11.9,6.4,4.1,4.3,20.4,23.8,91.7,3.2,10,Detroit Pistons
5,42005,1610612754,Indiana Pacers,6,2,4,0.333,48.0,31.2,70.3,0.443,6.7,19.5,0.342,20.3,27.2,0.748,8.3,29.0,37.3,17.8,15.8,6.0,4.5,3.2,24.8,25.2,89.3,-3.7,10,Indiana Pacers
6,42005,1610612746,Los Angeles Clippers,12,7,5,0.583,48.8,39.7,80.8,0.491,4.5,11.9,0.378,21.8,26.8,0.816,11.0,34.6,45.6,20.8,15.5,5.0,5.9,4.2,23.9,22.4,105.7,3.8,10,Los Angeles Clippers
7,42005,1610612747,Los Angeles Lakers,7,3,4,0.429,49.4,37.7,83.1,0.454,7.1,21.4,0.333,18.0,23.6,0.764,11.0,31.6,42.6,17.1,15.0,6.4,3.1,3.4,22.9,21.4,100.6,-6.7,10,Los Angeles Lakers
8,42005,1610612763,Memphis Grizzlies,4,0,4,0.0,49.3,30.0,66.5,0.451,3.8,12.0,0.313,20.5,28.3,0.726,8.3,26.0,34.3,14.0,16.0,4.8,3.8,4.5,27.5,28.0,84.3,-14.0,10,Memphis Grizzlies
9,42005,1610612748,Miami Heat,23,16,7,0.696,48.2,34.8,72.4,0.481,6.3,19.1,0.333,20.3,30.9,0.655,9.5,32.5,42.0,17.5,15.5,7.0,4.6,2.9,24.0,25.7,96.3,3.8,10,Miami Heat
10,42005,1610612749,Milwaukee Bucks,5,1,4,0.2,48.0,37.8,80.2,0.471,5.2,12.4,0.419,16.8,21.4,0.785,10.6,26.4,37.0,21.0,13.2,6.0,2.4,4.4,26.8,20.0,97.6,-9.6,10,Milwaukee Bucks
11,42005,1610612751,New Jersey Nets,11,5,6,0.455,48.0,34.3,75.8,0.452,5.4,17.5,0.307,20.3,26.6,0.761,10.0,28.6,38.6,22.1,12.7,6.9,2.5,3.7,26.6,24.0,94.2,-0.9,10,New Jersey Nets
12,42005,1610612756,Phoenix Suns,20,10,10,0.5,49.0,40.1,83.1,0.482,9.2,23.5,0.391,17.9,21.6,0.831,7.7,29.0,36.7,23.4,11.6,5.7,4.4,4.3,21.9,21.7,107.2,1.2,10,Phoenix Suns
13,42005,1610612758,Sacramento Kings,6,2,4,0.333,48.8,34.7,78.2,0.443,5.2,15.7,0.33,22.8,28.8,0.792,12.3,26.0,38.3,15.3,13.0,7.5,2.5,5.7,26.0,22.8,97.3,-9.5,10,Sacramento Kings
14,42005,1610612759,San Antonio Spurs,13,7,6,0.538,49.2,36.5,74.1,0.492,6.0,15.3,0.392,24.2,31.1,0.777,8.2,29.0,37.2,17.5,13.3,6.5,5.5,4.2,23.7,26.6,103.1,2.2,10,San Antonio Spurs
15,42005,1610612764,Washington Wizards,6,2,4,0.333,49.7,35.3,78.7,0.449,6.2,19.2,0.322,24.8,33.3,0.745,11.5,27.7,39.2,17.5,12.8,6.8,5.5,4.3,22.7,26.8,101.7,0.2,10,Washington Wizards
0,42006,1610612741,Chicago Bulls,10,6,4,0.6,48.0,32.5,75.6,0.43,5.9,16.6,0.355,21.5,29.5,0.729,11.6,30.3,41.9,20.6,15.3,7.0,4.2,4.4,22.1,25.5,92.4,1.1,10,Chicago Bulls
1,42006,1610612739,Cleveland Cavaliers,20,12,8,0.6,48.5,32.1,76.3,0.421,5.4,16.6,0.326,19.2,26.1,0.737,11.9,31.4,43.3,17.5,13.0,7.2,3.5,3.8,20.7,21.0,88.8,2.2,10,Cleveland Cavaliers
2,42006,1610612742,Dallas Mavericks,6,2,4,0.333,48.0,34.2,80.8,0.423,7.0,22.2,0.316,23.2,30.0,0.772,14.0,30.3,44.3,17.8,16.3,8.3,5.0,4.3,23.8,24.8,98.5,-6.7,10,Dallas Mavericks
3,42006,1610612743,Denver Nuggets,5,1,4,0.2,48.0,33.6,79.4,0.423,4.6,14.4,0.319,16.4,21.0,0.781,13.0,30.4,43.4,17.6,15.2,5.6,4.2,5.2,18.0,17.8,88.2,-6.0,10,Denver Nuggets
4,42006,1610612765,Detroit Pistons,16,10,6,0.625,48.6,32.7,76.0,0.43,5.8,16.6,0.35,20.2,26.3,0.767,11.8,28.8,40.6,20.1,13.3,7.1,4.7,3.7,23.9,22.3,91.4,2.9,10,Detroit Pistons
5,42006,1610612744,Golden State Warriors,11,5,6,0.455,48.5,36.5,81.2,0.45,11.1,31.0,0.358,22.5,30.5,0.735,11.5,26.8,38.3,17.2,14.9,10.3,5.5,4.9,26.6,25.1,106.6,1.7,10,Golden State Warriors
6,42006,1610612745,Houston Rockets,7,3,4,0.429,48.0,29.7,72.4,0.41,7.1,22.3,0.321,20.7,26.3,0.788,9.9,31.7,41.6,18.1,14.9,7.0,4.1,4.9,19.3,22.9,87.3,-3.1,10,Houston Rockets
7,42006,1610612747,Los Angeles Lakers,5,1,4,0.2,48.0,38.0,86.0,0.442,6.4,19.8,0.323,15.6,21.6,0.722,14.2,29.2,43.4,14.4,15.2,5.8,4.0,4.0,23.0,18.6,98.0,-10.4,10,Los Angeles Lakers
8,42006,1610612748,Miami Heat,4,0,4,0.0,48.0,33.3,74.8,0.445,5.5,17.0,0.324,16.8,27.3,0.615,8.0,28.3,36.3,17.8,14.8,6.3,5.3,4.3,25.3,23.5,88.8,-11.0,10,Miami Heat
9,42006,1610612751,New Jersey Nets,12,6,6,0.5,48.0,32.6,73.3,0.444,7.7,20.8,0.368,17.3,23.3,0.743,8.6,31.3,39.8,23.0,16.1,6.3,2.9,4.0,21.2,21.4,90.2,1.8,10,New Jersey Nets
10,42006,1610612753,Orlando Magic,4,0,4,0.0,48.0,34.5,72.3,0.478,2.5,7.3,0.345,16.5,28.5,0.579,11.3,29.0,40.3,18.0,14.8,4.3,3.5,4.3,24.3,23.0,88.0,-9.0,10,Orlando Magic
11,42006,1610612756,Phoenix Suns,11,6,5,0.545,48.0,39.0,81.8,0.477,7.1,18.7,0.379,19.0,24.4,0.78,9.2,31.2,40.4,23.4,13.8,6.4,5.2,5.3,19.6,22.5,104.1,5.0,10,Phoenix Suns
12,42006,1610612759,San Antonio Spurs,20,16,4,0.8,48.0,35.3,76.8,0.459,7.6,19.7,0.384,17.6,24.3,0.724,10.5,30.1,40.6,19.9,13.9,7.1,5.5,4.6,20.5,20.8,95.7,4.0,10,San Antonio Spurs
13,42006,1610612761,Toronto Raptors,6,2,4,0.333,48.0,32.5,73.5,0.442,5.3,14.5,0.368,20.5,25.5,0.804,7.3,30.5,37.8,16.2,14.7,7.7,4.0,3.5,21.3,21.3,90.8,-5.3,10,Toronto Raptors
14,42006,1610612762,Utah Jazz,17,9,8,0.529,48.3,36.4,79.4,0.459,4.3,12.6,0.341,20.8,27.7,0.749,13.0,31.2,44.2,22.2,16.0,7.4,4.8,5.5,24.6,23.2,97.9,0.9,10,Utah Jazz
15,42006,1610612764,Washington Wizards,4,0,4,0.0,48.0,34.3,83.0,0.413,6.3,20.5,0.305,16.8,21.8,0.77,10.3,26.3,36.5,18.8,8.8,5.5,3.0,3.5,21.3,19.0,91.5,-8.8,10,Washington Wizards
0,42007,1610612737,Atlanta Hawks,7,3,4,0.429,48.0,29.3,71.3,0.411,4.0,12.4,0.322,24.6,31.4,0.782,11.6,26.7,38.3,17.4,15.9,4.3,5.7,5.7,20.1,25.0,87.1,-12.0,10,Atlanta Hawks
1,42007,1610612738,Boston Celtics,26,16,10,0.615,48.0,33.6,75.1,0.447,6.0,16.8,0.359,20.8,26.6,0.783,11.1,28.9,40.0,21.5,12.8,7.6,4.3,5.0,24.3,22.8,94.0,5.2,10,Boston Celtics
2,42007,1610612739,Cleveland Cavaliers,13,7,6,0.538,48.0,31.1,74.1,0.42,6.7,19.4,0.345,21.1,29.2,0.721,11.8,29.2,40.9,20.2,13.8,6.0,4.8,4.2,22.1,23.5,89.9,2.2,10,Cleveland Cavaliers
3,42007,1610612742,Dallas Mavericks,5,1,4,0.2,48.0,31.6,78.8,0.401,7.2,20.8,0.346,23.6,30.0,0.787,14.4,30.8,45.2,19.4,11.6,4.0,4.0,5.6,20.6,22.4,94.0,-8.8,10,Dallas Mavericks
4,42007,1610612743,Denver Nuggets,4,0,4,0.0,48.0,37.8,88.5,0.427,4.5,18.0,0.25,21.5,29.0,0.741,16.5,32.3,48.8,18.5,14.5,6.3,4.8,6.3,25.5,22.5,101.5,-13.3,10,Denver Nuggets
5,42007,1610612765,Detroit Pistons,17,10,7,0.588,48.0,33.9,74.5,0.455,4.5,13.3,0.341,19.1,23.8,0.802,10.6,25.6,36.2,20.5,12.9,7.4,5.8,3.9,23.3,21.8,91.4,2.3,10,Detroit Pistons
6,42007,1610612745,Houston Rockets,6,2,4,0.333,48.0,32.2,78.7,0.409,5.8,20.0,0.292,17.8,26.2,0.682,13.0,29.0,42.0,15.5,10.8,6.8,5.5,6.2,21.2,21.8,88.0,-2.5,10,Houston Rockets
7,42007,1610612747,Los Angeles Lakers,21,14,7,0.667,48.2,36.8,78.6,0.468,7.0,19.0,0.367,22.0,29.1,0.753,8.8,30.8,39.6,20.8,13.3,7.2,5.3,4.4,23.3,25.0,102.4,2.2,10,Los Angeles Lakers
8,42007,1610612740,New Orleans Hornets,12,7,5,0.583,48.0,37.6,81.0,0.464,5.8,14.0,0.411,15.7,20.3,0.774,10.3,31.8,42.1,19.3,8.8,7.3,5.1,4.0,20.7,20.7,96.6,3.7,10,New Orleans Hornets
9,42007,1610612753,Orlando Magic,10,5,5,0.5,48.0,35.4,75.4,0.469,9.0,25.3,0.356,17.3,24.3,0.712,11.7,31.2,42.9,17.4,14.5,4.8,4.9,3.4,20.5,22.0,97.1,1.6,10,Orlando Magic
10,42007,1610612755,Philadelphia 76ers,6,2,4,0.333,48.0,31.2,74.7,0.417,1.8,7.8,0.234,21.7,30.0,0.722,13.5,24.7,38.2,15.8,14.8,8.8,3.7,6.8,19.2,23.7,85.8,-7.0,10,Philadelphia 76ers
11,42007,1610612756,Phoenix Suns,5,1,4,0.2,50.0,38.0,82.4,0.461,5.0,14.8,0.338,19.4,30.4,0.638,9.4,32.2,41.6,18.8,12.4,5.2,7.0,5.0,22.6,27.6,100.4,-2.0,10,Phoenix Suns
12,42007,1610612759,San Antonio Spurs,17,9,8,0.529,48.6,35.5,79.7,0.446,7.5,20.1,0.375,15.5,20.8,0.745,9.0,32.8,41.8,20.4,12.8,5.3,4.1,5.3,22.5,20.3,94.1,-0.9,10,San Antonio Spurs
13,42007,1610612761,Toronto Raptors,5,1,4,0.2,48.0,37.2,85.6,0.435,8.4,24.0,0.35,16.6,19.2,0.865,9.8,29.4,39.2,24.0,10.0,7.2,2.4,5.2,22.8,18.0,99.4,-4.6,10,Toronto Raptors
14,42007,1610612762,Utah Jazz,12,6,6,0.5,48.4,36.4,81.8,0.445,5.8,16.7,0.35,20.3,27.0,0.75,14.5,29.8,44.3,21.4,12.9,6.5,5.8,6.5,25.5,22.8,98.9,-0.3,10,Utah Jazz
15,42007,1610612764,Washington Wizards,6,2,4,0.333,48.0,32.0,75.2,0.426,6.0,19.7,0.305,22.2,29.0,0.764,9.7,27.7,37.3,15.7,12.3,7.2,4.8,4.8,22.8,23.2,92.2,-3.3,10,Washington Wizards
0,42008,1610612737,Atlanta Hawks,11,4,7,0.364,48.0,30.1,73.6,0.409,6.1,17.5,0.347,17.7,23.8,0.744,10.7,24.2,34.9,16.9,12.1,6.9,3.4,5.5,21.4,21.1,84.0,-7.1,10,Atlanta Hawks
1,42008,1610612738,Boston Celtics,14,7,7,0.5,50.5,37.4,84.1,0.445,6.7,18.6,0.36,20.6,26.0,0.791,10.9,32.4,43.2,22.9,13.6,7.8,4.9,6.5,24.3,22.7,102.1,0.0,10,Boston Celtics
2,42008,1610612741,Chicago Bulls,7,3,4,0.429,53.0,38.4,87.1,0.441,7.3,19.3,0.378,24.1,29.9,0.809,10.4,35.1,45.6,19.9,16.1,6.7,8.1,6.7,24.6,23.6,108.3,-4.3,10,Chicago Bulls
3,42008,1610612739,Cleveland Cavaliers,14,10,4,0.714,48.4,34.8,75.1,0.463,6.6,19.8,0.336,21.4,28.8,0.742,10.1,30.2,40.3,19.1,12.4,6.6,4.6,3.3,20.6,22.6,97.6,8.5,10,Cleveland Cavaliers
4,42008,1610612742,Dallas Mavericks,10,5,5,0.5,48.0,35.6,75.7,0.47,7.3,20.6,0.354,23.1,28.4,0.813,9.2,31.5,40.7,18.1,13.0,6.5,3.8,4.1,22.8,23.7,101.6,-0.9,10,Dallas Mavericks
5,42008,1610612743,Denver Nuggets,16,10,6,0.625,48.0,37.3,78.4,0.475,8.1,21.1,0.383,25.4,33.4,0.759,10.7,29.6,40.3,22.6,12.1,9.2,5.2,4.4,25.8,25.5,107.9,8.6,10,Denver Nuggets
6,42008,1610612765,Detroit Pistons,4,0,4,0.0,48.0,31.5,77.0,0.409,3.0,12.3,0.245,12.0,14.5,0.828,7.5,26.0,33.5,16.5,11.3,4.3,3.0,4.5,23.8,15.8,78.0,-15.5,10,Detroit Pistons
7,42008,1610612745,Houston Rockets,13,7,6,0.538,48.0,34.0,76.1,0.447,6.6,20.2,0.328,16.8,21.9,0.768,9.7,30.8,40.5,17.0,14.2,6.2,3.2,7.1,20.1,21.4,91.5,-1.5,10,Houston Rockets
8,42008,1610612747,Los Angeles Lakers,23,16,7,0.696,48.4,37.4,80.5,0.465,7.0,18.4,0.377,20.6,27.5,0.747,11.1,30.9,42.0,19.4,13.0,7.9,6.3,4.3,23.5,23.1,102.4,7.2,10,Los Angeles Lakers
9,42008,1610612748,Miami Heat,7,3,4,0.429,48.0,31.3,69.6,0.45,7.1,20.0,0.357,18.4,22.6,0.816,8.9,29.9,38.7,15.0,13.4,6.1,5.7,3.6,22.1,21.3,88.1,0.9,10,Miami Heat
10,42008,1610612740,New Orleans Hornets,5,1,4,0.2,48.0,27.8,70.2,0.396,6.0,18.4,0.326,22.6,28.0,0.807,9.2,27.8,37.0,15.8,18.4,6.6,2.6,5.2,24.8,24.8,84.2,-24.2,10,New Orleans Hornets
11,42008,1610612753,Orlando Magic,24,13,11,0.542,48.6,34.5,75.4,0.457,8.4,23.3,0.36,19.6,27.1,0.722,8.3,30.0,38.4,18.9,13.2,6.8,4.8,3.8,21.4,24.3,97.0,1.8,10,Orlando Magic
12,42008,1610612755,Philadelphia 76ers,6,2,4,0.333,48.0,34.0,75.0,0.453,5.8,15.8,0.368,14.7,20.7,0.71,8.0,28.8,36.8,17.8,14.7,6.2,3.0,5.0,23.0,20.2,88.5,-7.7,10,Philadelphia 76ers
13,42008,1610612757,Portland Trail Blazers,6,2,4,0.333,48.0,33.3,74.5,0.447,5.5,14.2,0.388,15.0,19.7,0.763,9.8,26.5,36.3,14.7,11.3,6.0,7.5,3.3,21.7,20.0,87.2,-5.3,10,Portland Trail Blazers
14,42008,1610612759,San Antonio Spurs,5,1,4,0.2,48.0,35.0,76.6,0.457,5.8,17.6,0.33,14.6,20.6,0.709,8.8,28.8,37.6,16.0,11.0,5.6,3.0,4.6,22.0,18.6,90.4,-6.0,10,San Antonio Spurs
15,42008,1610612762,Utah Jazz,5,1,4,0.2,48.0,35.0,81.0,0.432,5.0,14.6,0.342,22.4,30.2,0.742,13.2,29.4,42.6,25.4,14.6,9.8,3.4,5.6,23.8,24.4,97.4,-9.2,10,Utah Jazz
0,42009,1610612737,Atlanta Hawks,11,4,7,0.364,48.0,33.8,79.6,0.425,4.5,13.6,0.333,17.3,22.0,0.785,13.0,26.9,39.9,16.4,11.7,6.4,5.1,4.0,21.2,20.6,89.5,-6.8,10,Atlanta Hawks
1,42009,1610612738,Boston Celtics,24,15,9,0.625,48.2,34.3,75.7,0.453,5.8,16.0,0.363,19.5,25.8,0.755,8.8,30.3,39.1,21.1,13.9,8.0,4.6,5.4,24.6,22.7,93.9,2.8,10,Boston Celtics
2,42009,1610612766,Charlotte Bobcats,4,0,4,0.0,48.0,31.3,70.5,0.443,4.8,17.0,0.279,18.3,25.5,0.716,8.5,28.0,36.5,20.3,15.5,5.5,4.5,6.5,26.8,23.5,85.5,-9.3,10,Charlotte Bobcats
3,42009,1610612741,Chicago Bulls,5,1,4,0.2,48.0,37.8,86.2,0.439,3.2,10.8,0.296,18.2,22.8,0.798,10.8,30.2,41.0,19.0,10.0,5.8,3.0,8.2,21.4,21.0,97.0,-9.2,10,Chicago Bulls
4,42009,1610612739,Cleveland Cavaliers,11,6,5,0.545,48.0,34.9,74.5,0.469,7.2,20.6,0.348,23.2,31.3,0.741,8.6,31.1,39.7,21.1,14.9,6.1,6.6,4.2,21.9,24.5,100.2,1.3,10,Cleveland Cavaliers
5,42009,1610612742,Dallas Mavericks,6,2,4,0.333,48.0,34.0,79.3,0.429,6.3,19.3,0.328,18.5,23.3,0.793,12.0,31.8,43.8,18.5,13.0,7.5,5.0,3.2,22.5,19.8,92.8,-0.5,10,Dallas Mavericks
6,42009,1610612743,Denver Nuggets,6,2,4,0.333,48.0,37.3,78.5,0.476,6.5,18.2,0.358,28.2,36.8,0.765,10.3,29.3,39.7,19.2,13.7,8.2,4.7,4.3,30.8,27.8,109.3,-1.2,10,Denver Nuggets
7,42009,1610612747,Los Angeles Lakers,23,16,7,0.696,48.0,37.3,81.2,0.46,6.8,20.7,0.33,19.6,26.0,0.754,12.8,30.1,42.9,19.7,12.5,6.7,6.2,4.8,23.2,23.3,101.1,3.8,10,Los Angeles Lakers
8,42009,1610612748,Miami Heat,5,1,4,0.2,48.0,33.6,77.2,0.435,6.8,18.2,0.374,13.6,18.6,0.731,9.4,28.2,37.6,17.6,17.8,7.0,5.0,4.4,22.8,18.8,87.6,-8.2,10,Miami Heat
9,42009,1610612749,Milwaukee Bucks,7,3,4,0.429,48.0,33.7,79.6,0.424,6.6,21.3,0.309,16.0,19.9,0.806,11.1,28.0,39.1,16.3,12.4,6.3,3.3,6.9,21.0,19.1,90.0,-3.7,10,Milwaukee Bucks
10,42009,1610612760,Oklahoma City Thunder,6,2,4,0.333,48.0,30.7,78.5,0.391,5.5,18.5,0.297,27.0,32.3,0.835,11.7,31.7,43.3,16.2,12.5,6.5,6.2,6.2,22.8,24.8,93.8,-1.7,10,Oklahoma City Thunder
11,42009,1610612753,Orlando Magic,14,10,4,0.714,48.4,32.8,70.8,0.463,9.9,26.9,0.366,21.1,30.1,0.701,9.3,31.1,40.4,16.9,13.7,6.4,5.5,3.8,22.4,26.1,96.6,8.6,10,Orlando Magic
12,42009,1610612756,Phoenix Suns,16,10,6,0.625,48.0,38.0,79.6,0.477,9.4,24.4,0.384,21.8,28.1,0.773,10.7,29.4,40.1,20.8,12.6,5.9,4.1,5.2,22.4,23.3,107.1,4.6,10,Phoenix Suns
13,42009,1610612757,Portland Trail Blazers,6,2,4,0.333,48.0,33.0,76.8,0.43,6.3,16.7,0.38,20.7,28.0,0.738,10.8,26.5,37.3,19.5,11.0,6.0,4.3,4.2,23.2,24.2,93.0,-10.3,10,Portland Trail Blazers
14,42009,1610612759,San Antonio Spurs,10,4,6,0.4,48.0,36.4,78.5,0.464,4.8,14.2,0.338,18.5,26.6,0.695,10.1,31.0,41.1,19.2,12.7,6.8,4.3,4.5,21.0,22.6,96.1,-3.4,10,San Antonio Spurs
15,42009,1610612762,Utah Jazz,10,4,6,0.4,48.0,38.1,79.5,0.479,6.5,17.4,0.374,24.4,33.5,0.728,10.9,28.7,39.6,23.8,13.2,5.9,4.4,5.8,27.0,27.2,107.1,-2.2,10,Utah Jazz
0,42010,1610612737,Atlanta Hawks,12,6,6,0.5,48.0,32.9,75.8,0.434,4.5,13.9,0.323,15.9,21.9,0.726,9.0,28.2,37.2,18.1,12.4,6.3,5.0,5.3,20.3,20.0,86.3,-4.4,10,Atlanta Hawks
1,42010,1610612738,Boston Celtics,9,5,4,0.556,48.6,35.8,76.9,0.465,7.4,16.0,0.465,15.7,20.1,0.779,8.9,30.1,39.0,21.0,15.7,7.3,4.2,6.4,21.9,19.7,94.7,1.3,10,Boston Celtics
2,42010,1610612741,Chicago Bulls,16,9,7,0.563,48.3,34.0,80.6,0.422,6.3,19.2,0.329,18.2,23.2,0.784,13.4,30.2,43.6,20.1,13.6,7.3,6.6,6.4,21.3,19.6,92.5,4.3,10,Chicago Bulls
3,42010,1610612742,Dallas Mavericks,21,16,5,0.762,48.2,34.5,74.9,0.461,8.8,22.2,0.394,20.5,25.4,0.809,9.7,28.7,38.4,20.1,12.9,7.1,4.1,5.1,20.1,21.6,98.2,5.8,10,Dallas Mavericks
4,42010,1610612743,Denver Nuggets,5,1,4,0.2,48.0,32.6,77.0,0.423,6.8,18.4,0.37,25.4,36.0,0.706,7.4,30.6,38.0,17.6,12.2,6.6,3.6,8.6,23.8,25.0,97.4,-4.8,10,Denver Nuggets
5,42010,1610612754,Indiana Pacers,5,1,4,0.2,48.0,32.8,80.2,0.409,5.8,15.4,0.377,18.8,24.4,0.77,13.0,25.4,38.4,16.0,15.2,8.2,5.6,7.6,23.0,22.2,90.2,-7.4,10,Indiana Pacers
6,42010,1610612747,Los Angeles Lakers,10,4,6,0.4,48.0,34.7,77.8,0.446,4.8,16.6,0.289,19.0,24.5,0.776,12.6,28.3,40.9,18.9,12.5,6.9,5.1,3.7,20.6,21.6,93.2,-1.3,10,Los Angeles Lakers
7,42010,1610612763,Memphis Grizzlies,13,7,6,0.538,49.9,36.7,84.0,0.437,3.8,12.1,0.318,21.4,28.2,0.76,12.5,30.6,43.1,18.8,13.1,8.0,6.0,6.8,23.6,23.7,98.6,-0.7,10,Memphis Grizzlies
8,42010,1610612748,Miami Heat,21,14,7,0.667,48.5,32.6,73.3,0.445,5.9,17.9,0.331,21.6,27.8,0.777,10.1,30.9,41.0,16.5,13.9,7.3,6.0,4.2,19.2,21.5,92.8,2.7,10,Miami Heat
9,42010,1610612740,New Orleans Hornets,6,2,4,0.333,48.0,32.8,71.8,0.457,4.5,14.0,0.321,19.2,25.8,0.742,7.7,25.8,33.5,20.2,12.8,7.2,3.0,5.8,23.7,21.2,89.3,-7.2,10,New Orleans Hornets
10,42010,1610612752,New York Knicks,4,0,4,0.0,48.0,32.0,83.0,0.386,8.3,23.8,0.347,18.5,24.8,0.747,14.5,26.0,40.5,16.8,15.3,6.5,6.8,5.0,18.8,21.0,90.8,-8.5,10,New York Knicks
11,42010,1610612760,Oklahoma City Thunder,17,9,8,0.529,49.5,35.3,79.7,0.443,6.3,19.9,0.316,25.6,31.4,0.816,13.1,32.9,45.9,17.6,15.4,6.8,7.6,5.2,25.0,23.1,102.5,1.9,10,Oklahoma City Thunder
12,42010,1610612753,Orlando Magic,6,2,4,0.333,48.0,31.0,75.8,0.409,6.2,23.5,0.262,20.5,27.8,0.737,11.8,30.5,42.3,14.5,12.8,6.5,4.0,3.8,21.5,24.2,88.7,1.8,10,Orlando Magic
13,42010,1610612755,Philadelphia 76ers,5,1,4,0.2,48.0,33.8,81.6,0.414,6.4,16.4,0.39,12.6,17.4,0.724,10.6,30.0,40.6,20.4,10.6,6.4,3.6,6.2,20.4,14.8,86.6,-7.4,10,Philadelphia 76ers
14,42010,1610612757,Portland Trail Blazers,6,2,4,0.333,48.0,33.2,73.2,0.453,5.0,16.7,0.3,16.8,21.5,0.783,9.2,28.5,37.7,17.0,11.5,5.7,5.2,3.7,20.8,19.5,88.2,-5.2,10,Portland Trail Blazers
15,42010,1610612759,San Antonio Spurs,6,2,4,0.333,48.8,33.7,77.2,0.436,5.3,18.2,0.294,21.7,28.5,0.76,10.2,31.5,41.7,17.8,14.3,7.3,5.8,4.8,21.5,24.5,94.3,-3.2,10,San Antonio Spurs
0,42011,1610612737,Atlanta Hawks,6,2,4,0.333,48.8,31.8,79.3,0.401,5.8,18.8,0.31,12.7,16.2,0.784,10.0,32.5,42.5,17.5,15.3,5.5,3.3,6.2,19.8,18.8,82.2,-4.7,10,Atlanta Hawks
1,42011,1610612738,Boston Celtics,20,11,9,0.55,48.8,33.8,77.2,0.438,4.7,16.3,0.285,17.3,21.6,0.799,8.0,31.9,39.9,19.8,13.0,8.2,4.9,4.4,21.7,19.8,89.5,1.0,10,Boston Celtics
2,42011,1610612741,Chicago Bulls,6,2,4,0.333,48.0,34.0,80.7,0.421,4.3,12.7,0.342,12.0,18.5,0.649,11.5,35.3,46.8,22.5,14.3,5.2,6.7,6.3,20.5,18.8,84.3,-1.7,10,Chicago Bulls
3,42011,1610612742,Dallas Mavericks,4,0,4,0.0,48.0,31.5,78.0,0.404,8.0,21.5,0.372,22.3,26.8,0.832,10.5,30.0,40.5,15.5,14.5,8.0,3.5,7.3,20.8,24.3,93.3,-6.5,10,Dallas Mavericks
4,42011,1610612743,Denver Nuggets,7,3,4,0.429,48.0,38.4,89.3,0.43,5.3,19.0,0.278,14.6,20.3,0.718,15.4,32.3,47.7,20.9,11.1,7.0,6.9,9.4,21.0,18.7,96.7,0.4,10,Denver Nuggets
5,42011,1610612754,Indiana Pacers,11,6,5,0.545,48.5,33.7,79.5,0.424,5.7,17.9,0.32,17.7,23.0,0.771,12.4,31.6,44.0,16.3,15.1,6.9,5.5,5.5,22.0,20.4,90.9,1.4,10,Indiana Pacers
6,42011,1610612746,Los Angeles Clippers,11,4,7,0.364,48.5,34.5,75.3,0.458,6.2,16.4,0.378,15.8,23.7,0.667,8.7,28.1,36.8,17.3,14.7,9.5,6.5,5.0,24.1,21.5,90.9,-4.6,10,Los Angeles Clippers
7,42011,1610612747,Los Angeles Lakers,12,5,7,0.417,48.0,35.2,83.2,0.423,5.3,17.3,0.304,18.4,23.7,0.778,14.2,30.7,44.8,18.8,12.5,5.8,7.8,7.4,19.7,21.7,94.0,-4.2,10,Los Angeles Lakers
8,42011,1610612763,Memphis Grizzlies,7,3,4,0.429,48.7,32.6,76.3,0.427,3.4,11.9,0.289,22.9,30.7,0.744,13.4,29.3,42.7,16.3,15.4,7.1,4.9,6.1,23.3,25.6,91.4,0.7,10,Memphis Grizzlies
9,42011,1610612748,Miami Heat,23,16,7,0.696,48.4,35.0,76.0,0.46,6.8,19.7,0.347,20.6,27.7,0.744,10.2,30.3,40.4,17.5,13.0,7.3,5.0,3.8,20.6,23.9,97.3,7.1,10,Miami Heat
10,42011,1610612752,New York Knicks,5,1,4,0.2,48.0,30.6,73.4,0.417,5.0,18.2,0.275,16.6,21.8,0.761,12.4,28.0,40.4,12.6,18.4,6.0,2.2,3.8,24.2,19.8,82.8,-14.0,10,New York Knicks
11,42011,1610612760,Oklahoma City Thunder,20,13,7,0.65,48.0,37.2,80.0,0.465,6.8,19.2,0.355,20.1,24.5,0.82,9.3,30.5,39.8,18.0,11.6,8.7,6.9,4.1,22.4,20.9,101.3,4.0,10,Oklahoma City Thunder
12,42011,1610612753,Orlando Magic,5,1,4,0.2,49.0,31.0,77.8,0.398,8.4,24.6,0.341,13.4,19.0,0.705,9.8,28.6,38.4,17.2,14.0,6.0,4.4,6.2,19.0,19.0,83.8,-10.8,10,Orlando Magic
13,42011,1610612755,Philadelphia 76ers,13,7,6,0.538,48.0,32.1,78.1,0.411,4.0,13.2,0.304,17.5,24.4,0.719,10.8,31.0,41.8,18.2,11.5,7.6,5.3,6.0,18.7,21.0,85.7,-1.2,10,Philadelphia 76ers
14,42011,1610612759,San Antonio Spurs,14,10,4,0.714,48.0,37.9,78.9,0.481,9.4,22.6,0.416,16.7,22.9,0.731,8.6,32.0,40.6,22.9,14.3,6.5,4.6,7.0,20.4,20.9,102.0,5.9,10,San Antonio Spurs
15,42011,1610612762,Utah Jazz,4,0,4,0.0,48.0,32.8,85.8,0.382,2.3,11.3,0.2,18.5,26.3,0.705,16.0,32.5,48.5,16.8,13.5,6.5,6.8,5.5,20.3,19.8,86.3,-16.0,10,Utah Jazz
0,42012,1610612737,Atlanta Hawks,6,2,4,0.333,48.0,32.7,77.3,0.422,6.2,18.7,0.33,17.8,26.2,0.682,8.3,30.0,38.3,19.2,12.2,7.3,3.8,4.8,24.2,23.8,89.3,-5.2,10,Atlanta Hawks
1,42012,1610612738,Boston Celtics,6,2,4,0.333,48.8,28.5,69.0,0.413,6.8,20.7,0.331,18.5,21.5,0.86,5.2,33.8,39.0,16.8,17.3,5.5,3.0,4.3,18.8,21.3,82.3,-5.3,10,Boston Celtics
2,42012,1610612751,Brooklyn Nets,7,3,4,0.429,50.1,37.0,83.7,0.442,6.1,19.4,0.316,19.3,25.4,0.758,11.7,30.4,42.1,19.9,11.6,6.3,5.6,5.7,19.9,21.7,99.4,2.0,10,Brooklyn Nets
3,42012,1610612741,Chicago Bulls,12,5,7,0.417,49.3,35.0,79.9,0.438,5.4,17.0,0.319,16.5,22.9,0.72,11.8,29.0,40.8,19.5,14.3,6.4,4.6,5.8,22.4,21.2,91.9,-6.7,10,Chicago Bulls
4,42012,1610612743,Denver Nuggets,6,2,4,0.333,48.0,37.2,84.8,0.438,7.0,22.5,0.311,21.7,29.7,0.73,11.8,26.8,38.7,21.2,14.5,9.0,2.8,6.7,23.2,23.5,103.0,-4.2,10,Denver Nuggets
5,42012,1610612744,Golden State Warriors,12,6,6,0.5,49.3,39.0,84.4,0.462,8.7,22.3,0.388,16.0,21.8,0.736,11.5,34.6,46.1,21.7,16.5,6.4,4.9,3.5,23.8,21.9,102.7,0.2,10,Golden State Warriors
6,42012,1610612745,Houston Rockets,6,2,4,0.333,48.0,34.3,81.0,0.424,11.7,33.7,0.347,19.7,27.7,0.711,10.8,32.7,43.5,18.0,15.8,5.8,5.5,7.3,23.2,24.7,100.0,-5.8,10,Houston Rockets
7,42012,1610612754,Indiana Pacers,19,11,8,0.579,48.3,32.2,74.4,0.433,6.3,19.2,0.327,21.1,28.5,0.74,12.7,32.9,45.6,17.5,16.4,5.4,4.5,4.7,22.4,24.8,91.8,0.2,10,Indiana Pacers
8,42012,1610612746,Los Angeles Clippers,6,2,4,0.333,48.0,35.2,75.3,0.467,5.8,19.2,0.304,18.5,23.7,0.782,8.8,28.3,37.2,18.0,13.3,5.2,5.7,4.2,27.8,23.8,94.7,-5.5,10,Los Angeles Clippers
9,42012,1610612747,Los Angeles Lakers,4,0,4,0.0,48.0,34.5,78.0,0.442,5.0,18.5,0.27,11.3,18.5,0.608,8.5,31.5,40.0,18.5,16.5,5.8,5.3,5.0,17.5,18.0,85.3,-18.8,10,Los Angeles Lakers
10,42012,1610612763,Memphis Grizzlies,15,8,7,0.533,49.0,34.1,81.5,0.418,4.8,14.8,0.324,21.7,29.1,0.748,11.7,30.0,41.7,19.3,10.7,7.3,4.6,6.5,22.1,25.3,94.7,0.6,10,Memphis Grizzlies
11,42012,1610612748,Miami Heat,23,16,7,0.696,48.4,35.8,76.6,0.468,7.7,20.2,0.381,17.8,23.2,0.766,9.7,28.4,38.1,20.6,13.1,8.3,5.4,3.4,22.2,21.0,97.1,6.4,10,Miami Heat
12,42012,1610612749,Milwaukee Bucks,4,0,4,0.0,48.0,33.3,76.8,0.433,6.0,23.0,0.261,12.8,20.3,0.63,8.8,26.0,34.8,19.8,16.3,10.0,2.5,4.3,19.8,20.3,85.3,-14.8,10,Milwaukee Bucks
13,42012,1610612752,New York Knicks,12,6,6,0.5,48.4,33.3,81.0,0.41,8.0,23.3,0.343,14.1,18.0,0.782,10.7,28.8,39.5,15.1,11.6,8.8,4.3,4.2,23.8,18.9,88.6,2.7,10,New York Knicks
14,42012,1610612760,Oklahoma City Thunder,11,5,6,0.455,48.5,34.8,81.6,0.427,8.6,24.7,0.349,20.2,24.1,0.838,9.8,33.1,42.9,18.1,13.6,6.0,7.0,4.9,24.9,22.1,98.5,1.4,10,Oklahoma City Thunder
15,42012,1610612759,San Antonio Spurs,21,15,6,0.714,49.4,38.0,82.2,0.463,7.9,20.8,0.378,16.4,21.5,0.763,9.7,32.9,42.6,21.9,12.9,7.9,5.0,4.7,19.1,21.1,100.3,7.0,10,San Antonio Spurs
0,42013,1610612737,Atlanta Hawks,7,3,4,0.429,48.0,30.3,78.7,0.385,11.3,32.9,0.343,20.6,24.9,0.828,9.1,30.1,39.3,16.9,13.6,6.6,4.6,6.3,20.9,22.6,92.4,-1.0,10,Atlanta Hawks
1,42013,1610612751,Brooklyn Nets,12,5,7,0.417,48.0,34.8,75.1,0.463,7.8,22.7,0.342,18.3,24.8,0.737,10.0,27.8,37.8,18.3,12.3,6.9,2.8,4.0,22.3,22.6,95.5,-1.3,10,Brooklyn Nets
2,42013,1610612766,Charlotte Bobcats,4,0,4,0.0,48.0,33.8,75.3,0.449,7.8,21.3,0.365,16.8,23.5,0.713,8.3,31.5,39.8,19.8,15.0,4.3,4.5,4.5,20.3,19.8,92.0,-9.8,10,Charlotte Bobcats
3,42013,1610612741,Chicago Bulls,5,1,4,0.2,49.0,33.2,78.6,0.422,6.4,19.2,0.333,17.2,22.8,0.754,12.2,29.6,41.8,20.2,13.2,5.0,4.4,6.6,22.0,22.2,90.0,-4.6,10,Chicago Bulls
4,42013,1610612742,Dallas Mavericks,7,3,4,0.429,48.0,39.1,86.7,0.451,8.4,22.4,0.376,14.4,18.9,0.765,11.7,29.0,40.7,19.1,11.4,6.6,4.1,3.6,20.3,19.6,101.1,-2.0,10,Dallas Mavericks
5,42013,1610612744,Golden State Warriors,7,3,4,0.429,48.0,38.3,83.1,0.46,9.6,26.3,0.364,20.3,27.9,0.728,13.1,29.6,42.7,24.4,17.3,7.0,4.6,5.1,25.3,23.0,106.4,-4.4,10,Golden State Warriors
6,42013,1610612745,Houston Rockets,6,2,4,0.333,50.5,40.8,91.7,0.445,8.2,25.7,0.318,22.2,29.8,0.743,16.7,32.5,49.2,18.3,13.8,6.0,5.0,9.2,26.0,24.8,112.0,0.3,10,Houston Rockets
7,42013,1610612754,Indiana Pacers,19,10,9,0.526,48.0,33.6,74.5,0.451,7.3,19.3,0.38,17.0,23.4,0.727,8.2,31.3,39.5,18.8,13.6,7.1,4.2,4.3,20.7,21.6,91.6,-1.0,10,Indiana Pacers
8,42013,1610612746,Los Angeles Clippers,13,6,7,0.462,48.0,39.4,85.4,0.461,9.2,25.8,0.355,20.8,28.5,0.73,11.4,28.4,39.8,23.8,12.6,9.4,4.4,4.8,24.3,24.1,108.8,2.0,10,Los Angeles Clippers
9,42013,1610612763,Memphis Grizzlies,7,3,4,0.429,50.9,36.7,88.1,0.417,4.4,15.3,0.29,18.9,25.9,0.729,12.9,29.9,42.7,21.7,11.1,9.0,2.4,7.6,20.9,23.0,96.7,-5.4,10,Memphis Grizzlies
10,42013,1610612748,Miami Heat,20,13,7,0.65,48.0,35.4,72.2,0.491,9.3,23.5,0.396,17.2,22.0,0.78,6.0,28.1,34.0,18.3,12.2,7.4,3.9,2.8,20.7,19.6,97.3,1.8,10,Miami Heat
11,42013,1610612760,Oklahoma City Thunder,19,10,9,0.526,49.3,36.6,81.4,0.45,7.5,23.3,0.323,21.8,26.6,0.82,11.2,34.1,45.2,19.3,15.1,6.3,6.2,3.1,23.0,22.2,102.5,-1.1,10,Oklahoma City Thunder
12,42013,1610612757,Portland Trail Blazers,11,5,6,0.455,49.4,38.4,87.7,0.437,7.9,22.8,0.347,19.6,24.6,0.797,11.7,32.5,44.2,17.5,13.8,5.9,6.0,4.3,22.5,23.3,104.3,-6.3,10,Portland Trail Blazers
13,42013,1610612759,San Antonio Spurs,23,16,7,0.696,48.2,39.7,80.9,0.491,8.8,21.6,0.409,18.0,23.5,0.767,9.4,32.6,42.0,22.2,12.6,8.1,3.5,3.7,19.8,21.6,106.3,9.3,10,San Antonio Spurs
14,42013,1610612761,Toronto Raptors,7,3,4,0.429,48.0,32.7,74.1,0.441,6.6,21.0,0.313,24.1,29.0,0.833,10.1,31.6,41.7,17.7,15.3,5.6,3.0,3.6,25.9,24.1,96.1,-1.6,10,Toronto Raptors
15,42013,1610612764,Washington Wizards,11,6,5,0.545,48.5,34.5,79.7,0.432,5.6,16.8,0.335,15.8,22.7,0.696,11.7,33.2,44.9,19.5,12.8,7.5,5.6,4.3,22.3,21.2,90.4,0.9,10,Washington Wizards
0,42014,1610612737,Atlanta Hawks,16,8,8,0.5,48.6,36.9,85.6,0.431,9.1,28.6,0.317,15.2,19.4,0.781,9.8,33.9,43.7,23.8,12.7,8.5,4.9,4.3,19.7,19.2,98.0,-0.2,10,Atlanta Hawks
1,42014,1610612738,Boston Celtics,4,0,4,0.0,48.0,34.8,82.8,0.42,5.5,21.5,0.256,19.8,25.5,0.775,10.0,30.8,40.8,20.0,13.5,5.3,3.8,7.8,26.8,23.3,94.8,-9.3,10,Boston Celtics
2,42014,1610612751,Brooklyn Nets,6,2,4,0.333,48.8,36.2,83.2,0.435,8.5,24.0,0.354,15.5,20.8,0.744,9.5,35.0,44.5,21.7,14.3,7.5,3.3,4.7,19.0,18.5,96.3,-5.5,10,Brooklyn Nets
3,42014,1610612741,Chicago Bulls,12,6,6,0.5,48.8,35.1,83.8,0.419,9.2,24.6,0.373,16.7,21.5,0.775,11.7,33.8,45.4,22.2,14.0,7.2,6.6,7.1,18.8,20.3,96.0,3.4,10,Chicago Bulls
4,42014,1610612739,Cleveland Cavaliers,20,14,6,0.7,48.8,34.7,82.7,0.42,9.8,28.7,0.34,19.9,26.9,0.738,12.3,34.9,47.1,18.0,13.0,6.3,6.4,4.7,20.9,22.5,99.0,4.0,10,Cleveland Cavaliers
5,42014,1610612742,Dallas Mavericks,5,1,4,0.2,48.0,41.6,92.0,0.452,7.6,24.4,0.311,19.2,25.2,0.762,13.6,33.8,47.4,21.2,14.2,7.0,4.6,5.2,27.2,24.6,110.0,-4.2,10,Dallas Mavericks
6,42014,1610612744,Golden State Warriors,21,16,5,0.762,48.7,38.2,84.2,0.453,11.4,30.5,0.374,15.5,22.1,0.699,11.6,34.0,45.6,24.5,14.6,8.0,5.8,4.7,22.4,20.9,103.3,7.8,10,Golden State Warriors
7,42014,1610612745,Houston Rockets,17,9,8,0.529,48.0,37.4,83.4,0.448,9.5,27.5,0.344,24.0,36.7,0.654,10.9,34.8,45.7,21.9,15.5,8.4,5.5,5.4,23.4,27.2,108.2,-2.5,10,Houston Rockets
8,42014,1610612746,Los Angeles Clippers,14,7,7,0.5,48.4,39.5,84.8,0.466,8.4,25.4,0.329,20.4,30.6,0.667,9.6,35.0,44.6,22.5,13.1,8.6,5.9,4.9,24.8,25.1,107.8,1.4,10,Los Angeles Clippers
9,42014,1610612763,Memphis Grizzlies,11,6,5,0.545,48.0,35.7,84.1,0.425,4.4,14.0,0.312,18.9,22.7,0.832,10.5,32.9,43.5,20.4,11.0,8.6,4.1,5.6,19.4,20.4,94.7,-1.3,10,Memphis Grizzlies
10,42014,1610612749,Milwaukee Bucks,6,2,4,0.333,49.7,34.2,88.2,0.388,5.5,18.2,0.303,14.7,20.8,0.704,12.2,31.5,43.7,20.3,13.2,10.8,6.7,7.0,21.2,18.8,88.5,-12.3,10,Milwaukee Bucks
11,42014,1610612740,New Orleans Pelicans,4,0,4,0.0,49.3,38.0,84.3,0.451,6.8,21.3,0.318,18.0,22.3,0.809,10.8,31.3,42.0,23.3,13.5,7.5,5.8,6.3,23.8,19.8,100.8,-8.0,10,New Orleans Pelicans
12,42014,1610612757,Portland Trail Blazers,5,1,4,0.2,48.0,33.4,83.6,0.4,9.2,26.2,0.351,17.8,21.6,0.824,10.0,34.2,44.2,16.6,11.6,3.4,5.2,6.2,20.6,20.0,93.8,-6.8,10,Portland Trail Blazers
13,42014,1610612759,San Antonio Spurs,7,3,4,0.429,48.7,38.3,85.3,0.449,9.6,26.1,0.366,17.3,25.4,0.68,11.7,34.7,46.4,24.1,12.1,6.1,4.7,6.1,24.9,20.9,103.4,0.4,10,San Antonio Spurs
14,42014,1610612761,Toronto Raptors,4,0,4,0.0,49.3,36.8,88.3,0.416,7.5,25.0,0.3,15.3,21.3,0.718,8.8,29.8,38.5,19.5,12.0,7.5,2.3,6.5,25.0,20.5,96.3,-14.0,10,Toronto Raptors
15,42014,1610612764,Washington Wizards,10,6,4,0.6,48.5,37.3,84.5,0.441,9.4,23.3,0.403,17.1,23.7,0.722,11.6,35.6,47.2,23.1,14.5,7.1,5.3,4.8,20.0,21.9,101.1,3.9,10,Washington Wizards
0,42015,1610612737,Atlanta Hawks,1,1,0,1.0,48.0,35.0,86.0,0.407,5.0,26.0,0.192,27.0,35.0,0.771,13.0,40.0,53.0,23.0,12.0,4.0,9.0,6.0,20.0,32.0,102.0,1.0,10,Atlanta Hawks
1,42015,1610612738,Boston Celtics,1,0,1,0.0,48.0,37.0,102.0,0.363,11.0,35.0,0.314,16.0,19.0,0.842,15.0,35.0,50.0,27.0,10.0,6.0,6.0,9.0,32.0,20.0,101.0,-1.0,10,Boston Celtics
2,42015,1610612766,Charlotte Hornets,1,0,1,0.0,48.0,28.0,65.0,0.431,6.0,17.0,0.353,29.0,37.0,0.784,7.0,21.0,28.0,11.0,11.0,5.0,2.0,4.0,17.0,24.0,91.0,-32.0,10,Charlotte Hornets
3,42015,1610612739,Cleveland Cavaliers,1,1,0,1.0,48.0,39.0,88.0,0.443,12.0,35.0,0.343,16.0,21.0,0.762,12.0,28.0,40.0,25.0,5.0,7.0,4.0,2.0,18.0,21.0,106.0,5.0,10,Cleveland Cavaliers
4,42015,1610612742,Dallas Mavericks,2,1,1,0.5,48.0,30.0,83.0,0.361,4.5,18.5,0.243,13.0,22.5,0.578,10.0,29.0,39.0,15.0,13.0,6.5,2.0,5.0,21.0,22.0,77.5,-18.5,10,Dallas Mavericks
5,42015,1610612765,Detroit Pistons,1,0,1,0.0,48.0,37.0,73.0,0.507,15.0,29.0,0.517,12.0,16.0,0.75,5.0,32.0,37.0,24.0,12.0,4.0,2.0,4.0,21.0,18.0,101.0,-5.0,10,Detroit Pistons
6,42015,1610612744,Golden State Warriors,2,2,0,1.0,48.0,39.5,86.0,0.459,9.0,24.0,0.375,21.5,31.0,0.694,14.0,32.0,46.0,26.5,15.5,10.0,6.5,5.5,23.0,31.0,109.5,17.5,10,Golden State Warriors
7,42015,1610612745,Houston Rockets,2,0,2,0.0,48.0,32.5,81.5,0.399,8.0,23.5,0.34,19.0,28.5,0.667,12.5,31.5,44.0,18.5,21.5,7.0,5.5,6.5,31.0,23.0,92.0,-17.5,10,Houston Rockets
8,42015,1610612754,Indiana Pacers,2,1,1,0.5,48.0,31.5,74.5,0.423,7.5,20.5,0.366,23.0,29.5,0.78,7.5,28.0,35.5,16.0,13.0,9.0,5.5,5.0,24.0,26.0,93.5,-0.5,10,Indiana Pacers
9,42015,1610612746,Los Angeles Clippers,1,1,0,1.0,48.0,42.0,78.0,0.538,6.0,17.0,0.353,25.0,39.0,0.641,11.0,37.0,48.0,23.0,10.0,7.0,7.0,2.0,23.0,28.0,115.0,20.0,10,Los Angeles Clippers
10,42015,1610612763,Memphis Grizzlies,1,0,1,0.0,48.0,31.0,79.0,0.392,8.0,18.0,0.444,4.0,6.0,0.667,10.0,25.0,35.0,17.0,17.0,7.0,5.0,9.0,16.0,11.0,74.0,-32.0,10,Memphis Grizzlies
11,42015,1610612748,Miami Heat,1,1,0,1.0,48.0,49.0,85.0,0.576,9.0,18.0,0.5,16.0,21.0,0.762,14.0,28.0,42.0,27.0,6.0,7.0,4.0,2.0,24.0,17.0,123.0,32.0,10,Miami Heat
12,42015,1610612760,Oklahoma City Thunder,2,1,1,0.5,48.0,33.5,86.0,0.39,9.5,33.5,0.284,19.5,23.0,0.848,16.5,38.5,55.0,17.0,16.5,8.0,5.0,2.0,22.0,21.0,96.0,18.5,10,Oklahoma City Thunder
13,42015,1610612757,Portland Trail Blazers,1,0,1,0.0,48.0,33.0,83.0,0.398,10.0,30.0,0.333,19.0,26.0,0.731,10.0,30.0,40.0,23.0,12.0,6.0,2.0,7.0,28.0,23.0,95.0,-20.0,10,Portland Trail Blazers
14,42015,1610612759,San Antonio Spurs,1,1,0,1.0,48.0,42.0,81.0,0.519,10.0,22.0,0.455,12.0,13.0,0.923,9.0,35.0,44.0,22.0,13.0,13.0,9.0,5.0,11.0,16.0,106.0,32.0,10,San Antonio Spurs
15,42015,1610612761,Toronto Raptors,2,1,1,0.5,48.0,32.5,79.5,0.409,4.5,18.5,0.243,24.5,31.5,0.778,16.0,32.0,48.0,18.0,16.5,7.0,5.0,5.5,26.0,24.0,94.0,0.5,10,Toronto Raptors
